,News Source,Tweets Ago,Date,Compound,Positive,Neutral,Negative,Tweet
0,@BBCWorld,1,Sat Aug 04 00:08:00 +0000 2018,0.0,0.0,0.0,1.0,My Indian Life: Kalki tells stories of young India in BBC podcast https://t.co/Skj3E6NBpx
1,@BBCWorld,2,Sat Aug 04 00:05:42 +0000 2018,-0.2263,0.0,0.174,0.826,"Who's had a week to forget, or a week to remember? https://t.co/YSPXR6LPNe"
2,@BBCWorld,3,Sat Aug 04 00:03:25 +0000 2018,-0.296,0.143,0.227,0.629,"Zimbabwe enters a new era, but struggles to escape its past https://t.co/iVsNFvRIzc"
3,@BBCWorld,4,Fri Aug 03 23:42:57 +0000 2018,0.0,0.0,0.0,1.0,Trump ex-campaign chief Manafort's 'income doctored' https://t.co/QAbe3ScifZ
4,@BBCWorld,5,Fri Aug 03 22:45:31 +0000 2018,-0.6597,0.0,0.403,0.597,Denmark veil ban: First woman charged for wearing niqab https://t.co/47Yi5mbB4F
5,@BBCWorld,6,Fri Aug 03 22:32:44 +0000 2018,0.3612,0.294,0.0,0.706,Ryanair pilots agree to third-party mediation https://t.co/PB22aYZXga
6,@BBCWorld,7,Fri Aug 03 21:58:14 +0000 2018,0.0,0.0,0.0,1.0,Five wrestlers who proved there's life beyond the mat https://t.co/DpufkEQssN
7,@BBCWorld,8,Fri Aug 03 21:44:26 +0000 2018,-0.2732,0.0,0.116,0.884,"A massive dust storm rolls through Phoenix, Arizona üò≤

Forecasters warned it would cause zero visibility and winds‚Ä¶ https://t.co/kiOa7n5GEa"
8,@BBCWorld,9,Fri Aug 03 21:12:52 +0000 2018,0.0,0.0,0.0,1.0,Andrea Bocelli to perform for Pope at Dublin event https://t.co/2POweaPUyO
9,@BBCWorld,10,Fri Aug 03 21:05:15 +0000 2018,0.0,0.0,0.0,1.0,Zimbabwe election: President Mnangagwa calls for unity https://t.co/VAzxeGWEA8
10,@BBCWorld,11,Fri Aug 03 20:05:21 +0000 2018,0.0,0.0,0.0,1.0,"RT @BBCSport: This is quite a career change.

WWE star Kane has been elected mayor in Tennessee.

Readüëâhttps://t.co/or6NbpXYuf https://t.co‚Ä¶"
11,@BBCWorld,12,Fri Aug 03 19:56:18 +0000 2018,0.8968,0.363,0.0,0.637,"RT @BBCNews: ""All cats are amazing but I owe my life to Theo"" üòª

Posthumous award for cat who saved his owner's life https://t.co/YNWLku0VW‚Ä¶"
12,@BBCWorld,13,Fri Aug 03 19:31:38 +0000 2018,-0.4939,0.0,0.286,0.714,Facebook rejects Montreal museum's ad over Picasso nude https://t.co/rM4mqarYiU
13,@BBCWorld,14,Fri Aug 03 19:26:25 +0000 2018,0.0258,0.176,0.17,0.654,Netroots Nation: The battle for the soul of the Democratic Party https://t.co/KgfLXR1wIo
14,@BBCWorld,15,Fri Aug 03 18:15:34 +0000 2018,-0.431,0.087,0.148,0.765,RT @BBCOurWorld: The UN rates Norway one of the best countries for a child to grow up -but is its child protection system failing parents a‚Ä¶
15,@BBCWorld,16,Fri Aug 03 17:33:35 +0000 2018,0.0,0.0,0.0,1.0,How has Obamacare fared under Trump? https://t.co/5RO3RDtFMT
16,@BBCWorld,17,Fri Aug 03 17:28:48 +0000 2018,0.0,0.0,0.0,1.0,Harvey Weinstein seeks to dismiss case based on accuser's emails https://t.co/mmkA3ILIvs
17,@BBCWorld,18,Fri Aug 03 16:27:30 +0000 2018,-0.8625,0.0,0.516,0.484,Suspect in Houston surgeon's death kills himself as police close in https://t.co/VyiMvNSXBD
18,@BBCWorld,19,Fri Aug 03 15:55:10 +0000 2018,-0.7717,0.0,0.427,0.573,US police search for abducted Chinese girl in 'extreme danger' https://t.co/scCPPyUYVa
19,@BBCWorld,20,Fri Aug 03 15:45:42 +0000 2018,-0.4404,0.0,0.293,0.707,The scandal Norway doesn't talk about https://t.co/T5qoDn4ImN https://t.co/rKaC4VE9ER
20,@BBCWorld,21,Fri Aug 03 15:39:30 +0000 2018,0.5423,0.156,0.0,0.844,"""Let us both call for peace and unity in our land""

Zimbabwe's President Emmerson Mnangagwa appeals to Nelson Chami‚Ä¶ https://t.co/bkWprGqjIm"
21,@BBCWorld,22,Fri Aug 03 15:37:11 +0000 2018,-0.5574,0.0,0.265,0.735,German tourist shot through car window in Canada 'road rage' https://t.co/iXK9WZTjs5
22,@BBCWorld,23,Fri Aug 03 15:21:54 +0000 2018,0.4404,0.244,0.0,0.756,Osama Bin Laden: Mother Alia Ghanem remembers 'good child' https://t.co/YfvGHCIYjz
23,@BBCWorld,24,Fri Aug 03 15:13:19 +0000 2018,-0.4939,0.193,0.386,0.422,Arizona care worker accused of migrant shelter child abuse https://t.co/HBs0UwBLcm
24,@BBCWorld,25,Fri Aug 03 15:01:59 +0000 2018,0.0,0.0,0.0,1.0,"Europe heatwave: Side effects felt by zoo animals, sprout farmers and more https://t.co/dUfdS39SfU"
25,@BBCWorld,26,Fri Aug 03 14:58:36 +0000 2018,-0.4588,0.179,0.393,0.429,North Korea warns of 'natural disaster' amid heatwave https://t.co/HTzysvUGcB
26,@BBCWorld,27,Fri Aug 03 14:56:03 +0000 2018,0.0,0.0,0.0,1.0,"RT @BBCNews: What really happened when Donald Trump met the Queen?

https://t.co/MzZBR3lNMG https://t.co/03gTzmu44b"
27,@BBCWorld,28,Fri Aug 03 13:44:13 +0000 2018,-0.5574,0.0,0.205,0.795,"Zimbabwe opposition leader Nelson Chamisa calls election result ""fraudulent, illegal, illegitimate"" during press co‚Ä¶ https://t.co/isW69W4CP2"
28,@BBCWorld,29,Fri Aug 03 13:34:27 +0000 2018,-0.7269,0.0,0.303,0.697,"Zimbabwe opposition leader: ""Zanu-PF have panicked because they were defeated""

MDC Alliance's Nelson Chamisa blame‚Ä¶ https://t.co/KWGJ1TUMo6"
29,@BBCWorld,30,Fri Aug 03 13:04:31 +0000 2018,0.0,0.0,0.0,1.0,"In pictures: Europe's heatwave ‚òÄÔ∏è

üì∑ https://t.co/qlR8i7iblt https://t.co/n8Bz4A8DeL"
30,@BBCWorld,31,Fri Aug 03 12:57:05 +0000 2018,0.0,0.0,0.0,1.0,Trump Queen visit: Was the US president late? https://t.co/RIevCAjpUM
31,@BBCWorld,32,Fri Aug 03 12:18:13 +0000 2018,-0.7783,0.098,0.413,0.489,Afghanistan mosque attack: At least 25 Shia worshippers killed in Gardez https://t.co/q6h1xcR30R
32,@BBCWorld,33,Fri Aug 03 11:57:09 +0000 2018,0.0,0.0,0.0,1.0,India officials say Assam register does not target Muslims https://t.co/8asWLd80i5
33,@BBCWorld,34,Fri Aug 03 11:47:08 +0000 2018,0.0,0.0,0.0,1.0,Mystery American held in far east Russia near Alaska https://t.co/wAdMG5gJUS
34,@BBCWorld,35,Fri Aug 03 11:31:48 +0000 2018,0.4696,0.127,0.0,0.873,"RT @BBC_HaveYourSay: Temperatures are soaring across Europe. ‚òÄÔ∏è

How are you coping? Have your holiday plans changed?

Get in touch via:
üì±W‚Ä¶"
35,@BBCWorld,36,Fri Aug 03 10:54:40 +0000 2018,0.0,0.0,0.0,1.0,"RT @BBCNews: ""'The president was 15 minutes late for the Queen' - wrong!"" 

Donald Trump says reports he was late for his audience with the‚Ä¶"
36,@BBCWorld,37,Fri Aug 03 09:59:34 +0000 2018,0.0,0.0,0.0,1.0,"WWE star Glenn Jacobs, aka Kane, elected mayor in Tennessee https://t.co/7JZ893jvkf"
37,@BBCWorld,38,Fri Aug 03 09:56:59 +0000 2018,0.0,0.0,0.0,1.0,First Isle of Man hosepipe in 15 years comes into force https://t.co/Tl4i6n5Y6U
38,@BBCWorld,39,Fri Aug 03 09:31:49 +0000 2018,-0.4767,0.0,0.256,0.744,Italian youths held over Turin attack on athlete Osakue https://t.co/ZTvJgfj91f
39,@BBCWorld,40,Fri Aug 03 09:18:55 +0000 2018,-0.9001,0.0,0.632,0.368,Sydney axe attack: Woman guilty of trying to kill strangers https://t.co/H3kYsVuBBw
40,@BBCWorld,41,Fri Aug 03 09:12:01 +0000 2018,-0.2263,0.0,0.174,0.826,"Bangladesh #RoadSafety protests bring Dhaka to standstill

https://t.co/aCugXlnBu2 #WeWantJustice https://t.co/OgdBNZhJ03"
41,@BBCWorld,42,Fri Aug 03 09:05:33 +0000 2018,-0.6486,0.0,0.281,0.719,"Model 'Zombie Boy', featured in Lady Gaga music video, found dead

https://t.co/rH09cLUXxB"
42,@BBCWorld,43,Fri Aug 03 08:00:25 +0000 2018,-0.4939,0.0,0.314,0.686,Zimbabwe election: Opposition rejects 'fake' poll results https://t.co/YgIafozqWc
43,@BBCWorld,44,Fri Aug 03 07:50:35 +0000 2018,-0.4939,0.0,0.262,0.738,Lynchburg floods: US city evacuates over feared dam breach https://t.co/ObQ3lFp88D
44,@BBCWorld,45,Fri Aug 03 07:08:17 +0000 2018,0.0,0.0,0.0,1.0,Africa's week in pictures: 27 July-2 August 2018 https://t.co/0TykQ29cPj
45,@BBCWorld,46,Fri Aug 03 06:35:06 +0000 2018,0.0,0.0,0.0,1.0,Sun Wenguang: Chinese activist's live interview shut down by police https://t.co/2glj8jaJrv
46,@BBCWorld,47,Fri Aug 03 03:25:44 +0000 2018,0.0772,0.044,0.0,0.956,"RT @BBCMaryam: As a heatwave grips much of Europe, we want to know, how hot is it where you are and how do you cope with it ? Any advice fo‚Ä¶"
47,@BBCWorld,48,Fri Aug 03 00:35:45 +0000 2018,0.0,0.0,0.0,1.0,Climber 'dug shelter' to survive mountain ordeal in New Zealand https://t.co/Lfp5bMGBKQ
48,@BBCWorld,49,Fri Aug 03 00:15:37 +0000 2018,-0.3182,0.0,0.204,0.796,"Family reunited with lost portrait found 1,000 miles away https://t.co/GXNpChVGUD"
49,@BBCWorld,50,Thu Aug 02 23:30:46 +0000 2018,0.1779,0.221,0.0,0.779,Peru's Amazon: Where roads change lives https://t.co/LilwR0CDP6
50,@BBCWorld,51,Thu Aug 02 23:27:52 +0000 2018,0.0,0.0,0.0,1.0,South Korea's spy cam porn epidemic https://t.co/rFHVmacoA0
51,@BBCWorld,52,Thu Aug 02 22:24:01 +0000 2018,0.0,0.0,0.0,1.0,Zimbabwe election: Emmerson Mnangagwa leads poll count https://t.co/tEO1bhWahX
52,@BBCWorld,53,Thu Aug 02 22:12:52 +0000 2018,-0.6705,0.0,0.478,0.522,UN experts condemn President Trump's media criticism https://t.co/XtnE2RJa53
53,@BBCWorld,54,Thu Aug 02 22:01:06 +0000 2018,0.5093,0.224,0.109,0.667,"RT @BBCSport: Being a cameraman at the cricket can be a dangerous job.

Good job the camera was there to save him!

Watch: https://t.co/fOO‚Ä¶"
54,@BBCWorld,55,Thu Aug 02 21:42:55 +0000 2018,-0.7717,0.0,0.401,0.599,Down's syndrome man with toy gun shot dead by Swedish police https://t.co/BKMfCruO4W
55,@BBCWorld,56,Thu Aug 02 20:34:16 +0000 2018,0.0,0.0,0.0,1.0,"üåªüåªü§≥üåªüåªü§≥üèªüåªüåªü§≥üèæüåªüåªü§≥üèΩüåªüåªü§≥üåªüåªü§≥üåªüåªü§≥üèªüåªüåªü§≥üèæüåªüåªü§≥üèΩüåªüåªü§≥üåªüåªü§≥üåªüåªü§≥üèªüåªüåªü§≥üèæüåªüåª

How sunflowers and selfies caused a 'zombie apocalypse'‚Ä¶ https://t.co/UQx7R1LZ9M"
56,@BBCWorld,57,Thu Aug 02 19:55:59 +0000 2018,0.3612,0.111,0.0,0.889,"""I feel like I'm flying""

Clark Kent says people have been calling him Superman since he beat Michael Phelps' recor‚Ä¶ https://t.co/wkA5WManVV"
57,@BBCWorld,58,Thu Aug 02 19:40:14 +0000 2018,-0.3327,0.0,0.228,0.772,Why a photo of Mengistu has proved so controversial https://t.co/qPAMbDkxjV
58,@BBCWorld,59,Thu Aug 02 19:06:49 +0000 2018,-0.836,0.0,0.447,0.553,Yemen war: Air strike near hospital in rebel-held port kills at least 20 https://t.co/WI7ythz9yp
59,@BBCWorld,60,Thu Aug 02 18:25:59 +0000 2018,-0.34,0.0,0.255,0.745,US accuses Russia of 'pervasive' election meddling https://t.co/l72rnpoeXQ
60,@BBCWorld,61,Thu Aug 02 17:58:34 +0000 2018,-0.4404,0.0,0.266,0.734,Argentina notebook scandal: Driver details 'decade of bribes' https://t.co/CIFth7HPeU
61,@BBCWorld,62,Thu Aug 02 17:37:14 +0000 2018,-0.4215,0.199,0.39,0.411,Two Canadian paramedics charged in Good Samaritan death https://t.co/YarpMSeCHr
62,@BBCWorld,63,Thu Aug 02 17:08:28 +0000 2018,0.0,0.0,0.0,1.0,"RT @BBCNews: Just one of the 16 daily sunrises seen from the International Space Station üòç

https://t.co/PjAfprmI0J https://t.co/2Ite42ihqB"
63,@BBCWorld,64,Thu Aug 02 16:32:18 +0000 2018,0.2263,0.262,0.178,0.561,Bangladesh teenagers demanding road safety paralyse Dhaka https://t.co/mc2RRoyScP
64,@BBCWorld,65,Thu Aug 02 16:31:01 +0000 2018,-0.1027,0.149,0.125,0.726,"RT @davidshukmanbbc: Surprising discovery that plastic pollution is a source of warming gases, and it's worse the more the plastic breaks d‚Ä¶"
65,@BBCWorld,66,Thu Aug 02 16:24:29 +0000 2018,-0.296,0.0,0.18,0.82,Cape Cod woman accused of hitting car over Trump sticker https://t.co/vVwlY2zXzH
66,@BBCWorld,67,Thu Aug 02 16:19:47 +0000 2018,-0.875,0.0,0.588,0.412,Worker at detained migrant children centre arrested for abuse https://t.co/bEbxIonq9C
67,@BBCWorld,68,Thu Aug 02 15:46:23 +0000 2018,-0.0772,0.0,0.051,0.949,"RT @BBC_HaveYourSay: ""The water was splashing on him, he was just shaken up and looking at me with these big eyes. He was terrified.""
https‚Ä¶"
68,@BBCWorld,69,Thu Aug 02 15:41:33 +0000 2018,-0.128,0.0,0.07,0.93,"Cocaine trafficking in Colombia is being fuelled by demand in the US and Europe

We joined the authorities for a lo‚Ä¶ https://t.co/JU4c8w5rbp"
69,@BBCWorld,70,Thu Aug 02 15:29:40 +0000 2018,0.875,0.611,0.0,0.389,'Heroic good Samaritan' plans to adopt the puppy she saved https://t.co/T2WIOMJrLx
70,@BBCWorld,71,Thu Aug 02 15:17:23 +0000 2018,-0.7845,0.0,0.365,0.635,"Pope Francis changes the teachings of the Catholic Church on the death penalty 

https://t.co/BAmZLV9U8I"
71,@BBCWorld,72,Thu Aug 02 14:27:58 +0000 2018,-0.6597,0.0,0.423,0.577,President's cardiologist murdered over '20-year-old grudge' https://t.co/bb6zByfQtO
72,@BBCWorld,73,Thu Aug 02 14:22:44 +0000 2018,-0.5423,0.0,0.391,0.609,Israel 'thwarts IS attack' at Golan Heights fence https://t.co/shABmRrNQb
73,@BBCWorld,74,Thu Aug 02 13:51:24 +0000 2018,-0.743,0.0,0.474,0.526,Italy arrest over soldier's 'hazing' death in 1999 https://t.co/paMnFDoBJd
74,@BBCWorld,75,Thu Aug 02 13:46:35 +0000 2018,-0.5267,0.0,0.298,0.702,RT @BBCtrending: What is the '#QAnon' conspiracy theory? https://t.co/yUOmcUypY3
75,@BBCWorld,76,Thu Aug 02 13:44:12 +0000 2018,0.0,0.0,0.0,1.0,How sunflowers and selfies caused a 'zombie apocalypse' https://t.co/ERxRX3ArUv
76,@BBCWorld,77,Thu Aug 02 13:35:57 +0000 2018,0.0,0.0,0.0,1.0,"RT @BBC_HaveYourSay: Someone stole Behemoth the cat from a museum in Russia yesterday. üêà
He has now been found. This is his story.   
https‚Ä¶"
77,@BBCWorld,78,Thu Aug 02 13:02:25 +0000 2018,0.4215,0.237,0.0,0.763,RT @bbcstories: Watch the full and powerful film here: https://t.co/uJ9Mky3HyD
78,@BBCWorld,79,Thu Aug 02 13:02:16 +0000 2018,0.5859,0.194,0.0,0.806,RT @bbcstories: This mum wrote an emotional poem about caring for her daughter with mental health issues. It‚Äôs incredibly moving. ‚ù§Ô∏è https:‚Ä¶
79,@BBCWorld,80,Thu Aug 02 12:49:19 +0000 2018,-0.743,0.152,0.429,0.419,Trump thanks Kim for handing over remains of war dead https://t.co/ocVWzc32yM
80,@BBCWorld,81,Thu Aug 02 12:49:12 +0000 2018,0.34,0.107,0.0,0.893,"""We will absolutely make it work""

Six weeks after giving birth, New Zealand's PM Jacinda Ardern talks to us about‚Ä¶ https://t.co/zG4RCuWmey"
81,@BBCWorld,82,Thu Aug 02 12:03:20 +0000 2018,-0.4767,0.0,0.237,0.763,Europe's heat record could be broken in Spain and Portugal https://t.co/rc3F5QBK7x
82,@BBCWorld,83,Thu Aug 02 11:45:42 +0000 2018,-0.7845,0.0,0.463,0.537,Pope Francis declares death penalty inadmissible in all cases https://t.co/jUzBy2Vshq
83,@BBCWorld,84,Thu Aug 02 11:02:51 +0000 2018,0.6808,0.444,0.0,0.556,'True love': Brothers' kiss on lips sparks debate https://t.co/tv7YMJSDkM
84,@BBCWorld,85,Thu Aug 02 10:30:27 +0000 2018,0.0,0.0,0.0,1.0,Tokyo Medical University 'changed female exam scores' https://t.co/K35PFy5MfT
85,@BBCWorld,86,Thu Aug 02 10:01:48 +0000 2018,-0.6705,0.0,0.391,0.609,Three foreigners kidnapped and killed in Kabul https://t.co/NPzNPseuwk
86,@BBCWorld,87,Thu Aug 02 09:55:00 +0000 2018,-0.7755,0.0,0.313,0.687,"""Western powers destroyed our city... and have done nothing to help us"" - Why Gaddafi's home is still a ghost town‚Ä¶ https://t.co/DZaxWLF3GE"
87,@BBCWorld,88,Thu Aug 02 09:49:01 +0000 2018,-0.5423,0.0,0.28,0.72,Corsica flash flood kills four in French canyoning group https://t.co/V2BuvK81n5
88,@BBCWorld,89,Thu Aug 02 09:33:49 +0000 2018,0.0,0.0,0.0,1.0,In pictures: Australia's drought seen from the air https://t.co/aKXgCLBJYE
89,@BBCWorld,90,Thu Aug 02 09:24:28 +0000 2018,-0.6369,0.0,0.206,0.794,RT @bbcweather: Dangerously high (45C+) temperatures in SW Spain and SE Portugal. Extreme heat warnings have been issued there and in other‚Ä¶
90,@BBCWorld,91,Thu Aug 02 08:54:45 +0000 2018,0.4588,0.231,0.0,0.769,Add Vietnam's breathtaking Golden Bridge to your travel bucket list üò≤ https://t.co/tPS5T0PBsg
91,@BBCWorld,92,Thu Aug 02 07:56:49 +0000 2018,-0.4019,0.0,0.231,0.769,Mexico plane crash: Investigators find black box flight recorders https://t.co/CYrkBSxYXV
92,@BBCWorld,93,Thu Aug 02 06:48:53 +0000 2018,-0.4939,0.0,0.138,0.862,"RT @DaveLeeBBC: If you‚Äôre just waking up back home: Reddit suffered a data breach, and there‚Äôs a lot they‚Äôre not telling us https://t.co/sf‚Ä¶"
93,@BBCWorld,94,Thu Aug 02 05:51:32 +0000 2018,-0.6908,0.0,0.449,0.551,High-ranking Chinese monk accused of sexually harassing nuns https://t.co/1312ZRPEf7
94,@BBCWorld,95,Thu Aug 02 04:13:03 +0000 2018,0.0,0.0,0.0,1.0,Australia senator sues opponent over 'sexist slurs' https://t.co/SlEFeWCcZs
95,@BBCWorld,96,Thu Aug 02 03:43:51 +0000 2018,0.0,0.0,0.0,1.0,Illinois lawmaker Nick Sauer quits after 'catfishing' claim https://t.co/IU3RnskdAr
96,@BBCWorld,97,Thu Aug 02 03:04:29 +0000 2018,-0.7026,0.0,0.235,0.765,RT @SallyBundockBBC: What do you use your smartphone for most? Do you suffer from smartphone separation anxiety? Get in touch #BBCTheBriefi‚Ä¶
97,@BBCWorld,98,Thu Aug 02 02:03:55 +0000 2018,0.0,0.0,0.0,1.0,Zimbabwe election: International calls for restraint https://t.co/G2h1UVCzeW
98,@BBCWorld,99,Thu Aug 02 00:00:24 +0000 2018,-0.5994,0.0,0.302,0.698,The bean at the heart of America's trade war https://t.co/nAZsK178Bt
99,@BBCWorld,100,Wed Aug 01 23:45:14 +0000 2018,0.0,0.0,0.0,1.0,Toddler mauled by dog dies in Australia https://t.co/0bfD4QMvrO
100,@CBSNews,1,Sat Aug 04 03:03:06 +0000 2018,0.0,0.0,0.0,1.0,"NASA names crews for first Boeing, SpaceX launches to space station https://t.co/qrZ0K2ftIC https://t.co/yF74bLSkd0"
101,@CBSNews,2,Sat Aug 04 03:02:07 +0000 2018,-0.8779,0.0,0.529,0.471,"1 dead, 1 injured, 2 arrested after Iowa police shootout near elementary school https://t.co/YhEL8KOQ7i https://t.co/6pzBx3k2ud"
102,@CBSNews,3,Sat Aug 04 02:39:41 +0000 2018,-0.7964,0.0,0.474,0.526,Protesting in Iran largely fueled by frustration with a feeble economy https://t.co/WQVTikQECF https://t.co/HNePtDpBb7
103,@CBSNews,4,Sat Aug 04 02:20:00 +0000 2018,0.4939,0.208,0.0,0.792,"Apple's third original partner sold his 10 percent of Apple, now worth roughly $100 billion, for $2,300‚Ä¶ https://t.co/75AWo35H5b"
104,@CBSNews,5,Sat Aug 04 01:59:34 +0000 2018,-0.296,0.0,0.121,0.879,Flash flood warnings and other extreme weather has rocked the East Coast from Maine to Georgia‚Ä¶ https://t.co/UoOnhkhhLo
105,@CBSNews,6,Sat Aug 04 01:39:35 +0000 2018,0.0772,0.061,0.0,0.939,The number of U.S. families without the financial means to buy enough food rose last year‚Äî especially those with ch‚Ä¶ https://t.co/Q0zdZ6ldQ2
106,@CBSNews,7,Sat Aug 04 01:20:00 +0000 2018,0.0,0.0,0.0,1.0,"More than 145,000 half-gallon cartons of almond milk are being recalled‚Äî they may contain real milk‚Ä¶ https://t.co/ZK14KlgdFC"
107,@CBSNews,8,Sat Aug 04 00:59:44 +0000 2018,0.0,0.0,0.0,1.0,A jacket Harrison Ford wore as Han Solo could net more than a million dollars in an auction next month‚Ä¶ https://t.co/72FepkHjLh
108,@CBSNews,9,Sat Aug 04 00:39:45 +0000 2018,0.128,0.077,0.0,0.923,"Reports show more than half of Oregon's legal marijuana goes unsold, while in Colorado, growers are meeting demand‚Ä¶ https://t.co/hdryELmrKK"
109,@CBSNews,10,Sat Aug 04 00:19:49 +0000 2018,0.296,0.099,0.0,0.901,"The wife of a Marine veteran who served in Iraq was ordered to deport to Mexico under the ""zero tolerance"" immigrat‚Ä¶ https://t.co/AdxM8shmBZ"
110,@CBSNews,11,Fri Aug 03 23:59:49 +0000 2018,0.0,0.0,0.0,1.0,"In the aisles of Sparrow Mart, everything from pizza to peanut butter is handmade from felt https://t.co/ySrRSfuAPq https://t.co/aoetsIXk0L"
111,@CBSNews,12,Fri Aug 03 23:39:34 +0000 2018,0.0,0.0,0.0,1.0,The Trump administration has dropped a two-year investigation into how Exxon Mobil factors climate-change regulatio‚Ä¶ https://t.co/DXWkbbQTKI
112,@CBSNews,13,Fri Aug 03 23:30:26 +0000 2018,0.0,0.0,0.0,1.0,"RT @CBSEveningNews: The wife of a U.S. Marine, who entered the country illegally more than 20 years ago, was deported to Mexico after exhau‚Ä¶"
113,@CBSNews,14,Fri Aug 03 23:25:29 +0000 2018,-0.872,0.075,0.367,0.557,"RT @CBSEveningNews: The suspect in the murder of a prominent Houston cardiologist is dead, police say. 

Mark Hausknecht operated on the su‚Ä¶"
114,@CBSNews,15,Fri Aug 03 23:19:52 +0000 2018,-0.6369,0.0,0.231,0.769,Urban Meyer said he followed protocol regarding domestic abuse allegations against an assistant coach‚Ä¶ https://t.co/C9WdeTwvZg
115,@CBSNews,16,Fri Aug 03 23:15:53 +0000 2018,0.0,0.0,0.0,1.0,"RT @CBSEveningNews: More than 10 months after the deadliest mass shooting in modern U.S. history, Las Vegas authorities are closing the inv‚Ä¶"
116,@CBSNews,17,Fri Aug 03 23:12:43 +0000 2018,0.2263,0.083,0.0,0.917,"RT @CBSEveningNews: Seven years after the space shuttle program ended, NASA is ushering in a new era for space exploration. 

On Friday, th‚Ä¶"
117,@CBSNews,18,Fri Aug 03 22:53:18 +0000 2018,-0.3818,0.078,0.143,0.779,"RT @CBSEveningNews: Hundreds evacuated Lynchburg, Va. as heavy rains spark concerns that the aging College Lake Dam might fail.

Filled bey‚Ä¶"
118,@CBSNews,19,Fri Aug 03 22:40:17 +0000 2018,-0.296,0.0,0.095,0.905,"RT @CBSEveningNews: COMING UP:
-- Flash flood watches &amp; warnings stretching from Georgia to Maine; we take a look at extreme weather patter‚Ä¶"
119,@CBSNews,20,Fri Aug 03 22:29:40 +0000 2018,-0.5423,0.0,0.179,0.821,"Chris Rock will star in the fourth season of ""Fargo"" as a Kansas City crime boss https://t.co/66TVviUqL7 https://t.co/zN6zajbNdm"
120,@CBSNews,21,Fri Aug 03 22:14:44 +0000 2018,0.0,0.0,0.0,1.0,Capnocytophaga is a bacteria common in the saliva of cats and dogs that almost never leads to illness‚Äî but it led t‚Ä¶ https://t.co/Q1l6DxDNyU
121,@CBSNews,22,Fri Aug 03 22:00:02 +0000 2018,0.8001,0.338,0.0,0.662,PLAYING TO WIN: A political action committee for the NFL is backing former players who are running for Congress‚Ä¶ https://t.co/gRnOGD3VJg
122,@CBSNews,23,Fri Aug 03 21:54:28 +0000 2018,0.0,0.0,0.0,1.0,"RT @CBSSunday: #SunMo Digital: New series ‚ÄúIn The Life‚Äù Preview

We go behind the scenes with Bway director Steven Hoggett who is bringing‚Ä¶"
123,@CBSNews,24,Fri Aug 03 21:39:39 +0000 2018,-0.5106,0.0,0.142,0.858,A 12-year-old Chinese national who police had said was abducted from an airport was found Friday in New York City i‚Ä¶ https://t.co/YgJuoVr1fe
124,@CBSNews,25,Fri Aug 03 21:30:27 +0000 2018,0.0,0.0,0.0,1.0,WATCH: What we learned from the final police report on the Las Vegas shooting https://t.co/pvLHY49fDX https://t.co/rqJXZMCv3W
125,@CBSNews,26,Fri Aug 03 21:22:40 +0000 2018,-0.1027,0.0,0.072,0.928,Jurors decided Friday that the world's largest pork producer should pay $473.5 million to neighbors of three indust‚Ä¶ https://t.co/Sjqqn4YMIR
126,@CBSNews,27,Fri Aug 03 21:00:18 +0000 2018,0.4939,0.167,0.0,0.833,Two retired New York City firefighters developed a simple device that can save lives during house fires. https://t.co/DZpvOYjFU0
127,@CBSNews,28,Fri Aug 03 20:44:30 +0000 2018,0.5719,0.273,0.124,0.602,"The Washington, D.C. museum devoted to journalism is selling ""Fake News"" and ""Make America Great Again"" merchandise‚Ä¶ https://t.co/vi6kHXbPsU"
128,@CBSNews,29,Fri Aug 03 20:29:45 +0000 2018,-0.5267,0.0,0.152,0.848,"What is ""modern slavery""? More than 40 million people worldwide are trapped in it, including 400,000 in the U.S.‚Ä¶ https://t.co/B0bAZrfZYm"
129,@CBSNews,30,Fri Aug 03 19:52:27 +0000 2018,0.4215,0.177,0.0,0.823,"Seven puppies found on remote island rescued, named after ""Gilligan's Island"" characters https://t.co/rY6lkG68Im https://t.co/U9FMY5gHU8"
130,@CBSNews,31,Fri Aug 03 19:35:29 +0000 2018,-0.8442,0.0,0.278,0.722,"Last summer, 112 children under the age of five fatally drowned in swimming pools in the U.S.‚Äî those too young to l‚Ä¶ https://t.co/egeREuyVxj"
131,@CBSNews,32,Fri Aug 03 19:19:50 +0000 2018,0.0,0.0,0.0,1.0,Some cartons of almond milk are being recalled because they may contain real milk https://t.co/xIzhJ6by8W https://t.co/enxUwsbDYL
132,@CBSNews,33,Fri Aug 03 19:08:32 +0000 2018,-0.4215,0.0,0.123,0.877,"WATCH LIVE: Experts have said that if a Virginia dam fails, Lynchburg could be under 17 feet of water in 7 minutes.‚Ä¶ https://t.co/juBhRkvagB"
133,@CBSNews,34,Fri Aug 03 19:05:08 +0000 2018,-0.8934,0.0,0.416,0.584,"Joseph Pappas, the man suspected of murdering President George H.W. Bush's former doctor, killed himself today afte‚Ä¶ https://t.co/aDchpyZT8r"
134,@CBSNews,35,Fri Aug 03 18:49:49 +0000 2018,0.0,0.0,0.0,1.0,"Spotify deleted several episodes of the podcast hosted by Alex Jones, but some consumers say that doesn't go far en‚Ä¶ https://t.co/Icyd3lq1qZ"
135,@CBSNews,36,Fri Aug 03 18:35:05 +0000 2018,0.4215,0.128,0.0,0.872,"WATCH: Seven puppies discovered on remote island were rescued and named after other famous castaways: the cast of ""‚Ä¶ https://t.co/LtCgKgQ8Zu"
136,@CBSNews,37,Fri Aug 03 18:34:51 +0000 2018,-0.296,0.093,0.141,0.766,Fresh Express is linked to an outbreak that sickened nearly 400 people in 15 states who ate salads from McDonald's:‚Ä¶ https://t.co/m8Cw2Rb2JE
137,@CBSNews,38,Fri Aug 03 18:19:31 +0000 2018,-0.4215,0.165,0.267,0.568,"Accuser thanked Harvey Weinstein after alleged rape, his lawyers say: https://t.co/fmDmP9i5fx https://t.co/nA2MJKJQHz"
138,@CBSNews,39,Fri Aug 03 18:05:00 +0000 2018,-0.4767,0.0,0.147,0.853,"WATCH: Officials caught a boat smuggling 2,000 kilos of cocaine in one of the largest drug busts at sea. https://t.co/ddrlx5kBR1"
139,@CBSNews,40,Fri Aug 03 17:49:41 +0000 2018,-0.4404,0.0,0.139,0.861,New York Gov. Andrew Cuomo is ordering an investigation after a same-sex couple says they were denied a marriage li‚Ä¶ https://t.co/dtBF9tx6id
140,@CBSNews,41,Fri Aug 03 17:34:52 +0000 2018,0.0516,0.164,0.151,0.685,"No motive ""definitively"" determined in Las Vegas massacre, authorities say: https://t.co/Rp2nCJ8eho https://t.co/ikrT1c1R31"
141,@CBSNews,42,Fri Aug 03 17:20:08 +0000 2018,-0.0943,0.132,0.148,0.72,AMBER ALERT: Authorities say a 12-year-old girl was abducted from Reagan National Airport. She was with a tour grou‚Ä¶ https://t.co/NRYq4lxbBJ
142,@CBSNews,43,Fri Aug 03 17:05:23 +0000 2018,-0.7717,0.0,0.271,0.729,"Joseph Pappas, the suspect in the deadly shooting of George H.W. Bush's former doctor, has killed himself, police s‚Ä¶ https://t.co/7g3G09dR3E"
143,@CBSNews,44,Fri Aug 03 16:49:59 +0000 2018,0.0,0.0,0.0,1.0,"China announces $60 billion list of U.S. goods -- including coffee, honey and industrial chemicals -- that would be‚Ä¶ https://t.co/Rpg5IxTmFu"
144,@CBSNews,45,Fri Aug 03 16:34:48 +0000 2018,-0.5267,0.0,0.239,0.761,"A retired professor remains missing in China, two days after police interrupted his live radio interview:‚Ä¶ https://t.co/ofiru8UFr9"
145,@CBSNews,46,Fri Aug 03 16:30:27 +0000 2018,-0.5574,0.0,0.141,0.859,Dr. Mark Hausknecht had operated on Joseph Pappas' mother more than 20 years ago and she died on the table. But pol‚Ä¶ https://t.co/FqT7ft2dAN
146,@CBSNews,47,Fri Aug 03 16:24:36 +0000 2018,-0.6597,0.0,0.18,0.82,"Joseph Pappas had put together an ""extensive file"" on Dr. Mark Hausknecht before killing him and had a sheet of pap‚Ä¶ https://t.co/w3SUAelQxU"
147,@CBSNews,48,Fri Aug 03 16:17:58 +0000 2018,-0.296,0.0,0.104,0.896,"Police worried the hunt for Joseph Pappas would end in a shootout. ""You don't normally put on a bulletproof vest wh‚Ä¶ https://t.co/voeBA4qm03"
148,@CBSNews,49,Fri Aug 03 16:14:49 +0000 2018,-0.6908,0.0,0.207,0.793,"Prosecutors are reviewing a rape claim against Backstreet Boys singer Nick Carter, filed by a member of the girl gr‚Ä¶ https://t.co/NsIwMq9LJs"
149,@CBSNews,50,Fri Aug 03 16:13:16 +0000 2018,-0.2023,0.0,0.087,0.913,Joseph Pappas was wearing body armor and shot himself in the head after police confronted him. Police describe the‚Ä¶ https://t.co/2XqjxG2ZOh
150,@CBSNews,51,Fri Aug 03 16:09:08 +0000 2018,-0.8957,0.0,0.403,0.597,"Joseph Pappas, the man suspected of killing President George H.W. Bush's former doctor, has killed himself after a‚Ä¶ https://t.co/jhXhxetZ39"
151,@CBSNews,52,Fri Aug 03 16:00:01 +0000 2018,0.3818,0.11,0.0,0.89,"U.S. job growth slowed and wages barely rose in July, even as the economy keeps expanding. See what the latest figu‚Ä¶ https://t.co/5NK6V9EPNX"
152,@CBSNews,53,Fri Aug 03 15:45:17 +0000 2018,0.7506,0.252,0.0,0.748,"WATCH: Last year, this boy with Down syndrome wowed millions of people with his powerful singing voice. Now, the vi‚Ä¶ https://t.co/nZEJViy1kG"
153,@CBSNews,54,Fri Aug 03 15:29:41 +0000 2018,0.765,0.268,0.0,0.732,Glenn Jacobs ‚Äî better known as WWE star Kane ‚Äî has won the bout to become mayor of a county in Tennessee‚Ä¶ https://t.co/kXqp7SaZFB
154,@CBSNews,55,Fri Aug 03 15:14:47 +0000 2018,0.4084,0.151,0.081,0.768,RANDOM ACT OF KINDNESS: A couple in Michigan helped a man who'd been left stranded alone in the dark when his elect‚Ä¶ https://t.co/GnvQReMoEj
155,@CBSNews,56,Fri Aug 03 14:59:43 +0000 2018,-0.6369,0.0,0.286,0.714,An HIV-positive shelter worker in Arizona is accused of sexually abusing eight immigrant boys‚Ä¶ https://t.co/MFsN2TQWOv
156,@CBSNews,57,Fri Aug 03 14:56:57 +0000 2018,0.0,0.0,0.0,1.0,"""We come to work every day with an attitude that we're going to find Mollie today."" Authorities speak about the sea‚Ä¶ https://t.co/BkeSlKq6Iu"
157,@CBSNews,58,Fri Aug 03 14:52:11 +0000 2018,-0.1027,0.093,0.112,0.794,"""All leads are valuable"": Authorities won't say if there are suspects or persons of interests for the disappearance‚Ä¶ https://t.co/6UsFCiwTvI"
158,@CBSNews,59,Fri Aug 03 14:47:58 +0000 2018,0.0,0.0,0.0,1.0,Hundreds of tips have poured in for the disappearance of Iowa student Mollie Tibbetts. Officials give an update on‚Ä¶ https://t.co/wV7s1KaH33
159,@CBSNews,60,Fri Aug 03 14:44:55 +0000 2018,0.4404,0.139,0.0,0.861,WATCH: A cat and chicken formed an unlikely friendship when they were caught in the California wildfires and huddle‚Ä¶ https://t.co/KtxbPiV97f
160,@CBSNews,61,Fri Aug 03 14:29:33 +0000 2018,0.0,0.0,0.0,1.0,Alexandria Ocasio-Cortez is fundraising on the West Coast ‚Äî but she's skipping celebrities and politicians along th‚Ä¶ https://t.co/bWegKocxp7
161,@CBSNews,62,Fri Aug 03 14:14:31 +0000 2018,0.0,0.0,0.0,1.0,"Trump administration, ACLU divided on how to reunite families. A court-imposed deadline to reunite children has alr‚Ä¶ https://t.co/DaM5dZGthE"
162,@CBSNews,63,Fri Aug 03 14:00:51 +0000 2018,-0.5859,0.0,0.241,0.759,"Manafort bank fraud trial, day four. Follow here for live updates: https://t.co/iTbr42Kv2D https://t.co/5ss4YhVioF"
163,@CBSNews,64,Fri Aug 03 13:44:49 +0000 2018,0.4404,0.206,0.0,0.794,"Shiggy, comedian behind ""In My Feelings"" challenge, joins @CBSThisMorning after Drake dropped a new music video ove‚Ä¶ https://t.co/xomMEWt40O"
164,@CBSNews,65,Fri Aug 03 13:29:38 +0000 2018,0.7003,0.315,0.099,0.586,Missing Iowa student's mother says abductor can claim reward money if she's set free https://t.co/RYxysxaJlp https://t.co/oDNwE9sExy
165,@CBSNews,66,Fri Aug 03 13:15:18 +0000 2018,0.0,0.0,0.0,1.0,"A giant sinkhole opened up in Greensboro, North Carolina, as torrential rain pounds the area. More than six inches‚Ä¶ https://t.co/ZUiomTffbq"
166,@CBSNews,67,Fri Aug 03 13:15:00 +0000 2018,0.1531,0.274,0.188,0.538,Air Force Academy adopts policy encouraging cadets to report sexual assaults https://t.co/7BeRoa0qOo https://t.co/SBpb8c0tfI
167,@CBSNews,68,Fri Aug 03 12:41:00 +0000 2018,0.4767,0.14,0.0,0.86,WATCH: This group of friends carried a girl with cerebral palsy onto the beach after they saw her mom struggling‚Ä¶ https://t.co/xXwM1iFw4V
168,@CBSNews,69,Fri Aug 03 12:21:00 +0000 2018,-0.2732,0.133,0.2,0.667,Amber Alert issued for 12-year-old girl abducted from Reagan National Airport https://t.co/gHB1v1rS5f https://t.co/welzLKYOzC
169,@CBSNews,70,Fri Aug 03 12:01:17 +0000 2018,-0.4215,0.0,0.113,0.887,A city in central Virginia could be under 17 inches of water in just seven minutes if a dam fails due to heavy rain‚Ä¶ https://t.co/qFfR8RsmhP
170,@CBSNews,71,Fri Aug 03 11:39:41 +0000 2018,0.0,0.0,0.0,1.0,An 18-year-old is in custody after allegedly picking up and throwing an 8-year-old boy off a 31-foot waterslide pla‚Ä¶ https://t.co/hrm4KcR9Aq
171,@CBSNews,72,Fri Aug 03 11:20:29 +0000 2018,-0.7269,0.0,0.357,0.643,SWAT teams surround home of shooting suspect in Houston doctor's death https://t.co/GZC9QvGI97 https://t.co/8l7hwDHKr4
172,@CBSNews,73,Fri Aug 03 11:00:49 +0000 2018,0.5574,0.373,0.104,0.522,Soldier rescued after surviving week on freezing mountain https://t.co/NPWYYWYRHi https://t.co/q16njj0k0T
173,@CBSNews,74,Fri Aug 03 10:49:31 +0000 2018,-0.5106,0.0,0.171,0.829,"AHEAD: @CBSThisMorning is in Lynchburg, Virginia where a potential dam failure is forcing people from their homes.‚Ä¶ https://t.co/9eZlktavrD"
174,@CBSNews,75,Fri Aug 03 10:42:05 +0000 2018,0.0,0.0,0.0,1.0,"Rapper Drake takes the #InMyFeelingsChallenge to the next level in a new music video released overnight. Ahead, com‚Ä¶ https://t.co/rko18iDBgF"
175,@CBSNews,76,Fri Aug 03 10:40:32 +0000 2018,0.0,0.0,0.0,1.0,"""He's an angel"": Atlanta woman says rapper Ludacris paid her $375 grocery bill https://t.co/o2K2tlXeBc https://t.co/b4N923a117"
176,@CBSNews,77,Fri Aug 03 10:11:33 +0000 2018,0.0,0.0,0.0,1.0,Han Solo's jacket could fetch $1 million at film memorabilia auction https://t.co/0RtjuB58Yu https://t.co/0RHN7ftw4c
177,@CBSNews,78,Fri Aug 03 10:03:05 +0000 2018,0.6597,0.403,0.0,0.597,Grocery store employee praised for helping autistic teen https://t.co/maMQ53AYzo https://t.co/R51qzlryXH
178,@CBSNews,79,Fri Aug 03 09:54:06 +0000 2018,0.0,0.0,0.0,1.0,Short-term health insurance plans: What you need to know https://t.co/6Vsz8HpEG4 https://t.co/4Xs88TQo1s
179,@CBSNews,80,Fri Aug 03 09:48:04 +0000 2018,0.0,0.0,0.0,1.0,Pregnant woman claims she was served cleaning fluid in McDonald's latte https://t.co/HdtzigVpS3 https://t.co/HJmCaAG3Sm
180,@CBSNews,81,Fri Aug 03 09:38:07 +0000 2018,-0.5719,0.159,0.343,0.498,Suspect in Houston doctor's murder told friend he has a hit list https://t.co/FVDKfWvfIL https://t.co/yKXyhtL77E
181,@CBSNews,82,Fri Aug 03 09:33:03 +0000 2018,0.4215,0.167,0.0,0.833,"Russian climber Alexander Gukov rescued from Latok peak, expedition partner fell to his death‚Ä¶ https://t.co/cYkt3uGdBo"
182,@CBSNews,83,Fri Aug 03 09:18:03 +0000 2018,-0.2732,0.133,0.2,0.667,Amber Alert issued for 12-year-old girl abducted from Reagan National Airport https://t.co/oVu22zp8UF https://t.co/7gGv3Fta3k
183,@CBSNews,84,Fri Aug 03 09:10:09 +0000 2018,-0.5106,0.0,0.231,0.769,"HIV-positive shelter worker sexually abused 8 teen immigrant boys, authorities say https://t.co/lALfYvIDtB https://t.co/zJNBN8rCjg"
184,@CBSNews,85,Fri Aug 03 09:03:04 +0000 2018,-0.7845,0.0,0.434,0.566,"Pope Francis says the death penalty is always ""inadmissible"" https://t.co/iqmLQFdbXl https://t.co/Gfbbm3Wdvq"
185,@CBSNews,86,Fri Aug 03 08:48:03 +0000 2018,0.0,0.0,0.0,1.0,Identical twin brothers to wed identical twin sisters and move in together https://t.co/6HNH9Sr8Qh https://t.co/NOXUwih8RJ
186,@CBSNews,87,Fri Aug 03 08:40:08 +0000 2018,0.3182,0.204,0.0,0.796,Huge wall of dust rolls through Phoenix area https://t.co/JpYo68hQA1 https://t.co/IWY6JIpB8K
187,@CBSNews,88,Fri Aug 03 08:33:03 +0000 2018,-0.5994,0.0,0.218,0.782,New study sheds light on death toll from Hurricane Maria in Puerto Rico https://t.co/ON3ypP2YJN https://t.co/kHP4Pvylds
188,@CBSNews,89,Fri Aug 03 08:18:04 +0000 2018,-0.5423,0.0,0.259,0.741,Scott Baio says accuser Nicole Eggert is harassing him https://t.co/oC75QRqh1d https://t.co/SntcCXFrzb
189,@CBSNews,90,Fri Aug 03 08:03:04 +0000 2018,0.0,0.0,0.0,1.0,Man says his SUV was hit because of Trump bumper sticker https://t.co/s6VZ6K4fvr https://t.co/R1UvjktrM2
190,@CBSNews,91,Fri Aug 03 07:48:03 +0000 2018,0.0,0.0,0.0,1.0,10-year-old named Clark Kent breaks record held by Michael Phelps for 23 years https://t.co/EQXP3in8bl https://t.co/oAbuaF1bs1
191,@CBSNews,92,Fri Aug 03 07:33:03 +0000 2018,0.0,0.0,0.0,1.0,Trump team wants to roll back Obama-era mileage standards https://t.co/xJ4CqcNRAF https://t.co/2KwYxlFycB
192,@CBSNews,93,Fri Aug 03 07:18:04 +0000 2018,-0.5423,0.0,0.209,0.791,Police say veteran shot by cops in own home may not have heard commands to drop gun https://t.co/8O4mjuVRrD https://t.co/ILcW6s2pC2
193,@CBSNews,94,Fri Aug 03 07:03:04 +0000 2018,0.0,0.0,0.0,1.0,"Teen gets Tom Brady to sign her arm, tattoos his signature the next day https://t.co/LQU4SEeS8F https://t.co/SkBrwgnXhv"
194,@CBSNews,95,Fri Aug 03 06:48:04 +0000 2018,-0.3612,0.0,0.161,0.839,"Officials: Training exercise, mistaken 911 call led to Wright-Patterson Air Force Base lockdown‚Ä¶ https://t.co/sIIE3awoez"
195,@CBSNews,96,Fri Aug 03 06:33:03 +0000 2018,0.0,0.0,0.0,1.0,"Evangeline Lilly says she was ""cornered"" into semi-nude scene on ""Lost"" https://t.co/DdNNZEJKeu https://t.co/s8qikjQfiC"
196,@CBSNews,97,Fri Aug 03 06:18:03 +0000 2018,-0.5267,0.0,0.327,0.673,What is the QAnon conspiracy theory? https://t.co/IWRFXhCMNh https://t.co/qNI9s5G5xP
197,@CBSNews,98,Fri Aug 03 06:03:04 +0000 2018,0.0,0.0,0.0,1.0,Robert Mueller offers Trump team new proposal for interview https://t.co/sBTP9wZ9U9 https://t.co/iWQlBwnX2l
198,@CBSNews,99,Fri Aug 03 05:48:05 +0000 2018,0.0,0.0,0.0,1.0,Dramatic video shows the moment an Aerom√©xico plane crashed during takeoff https://t.co/jh4CwLJNAJ https://t.co/me4VNCEFBy
199,@CBSNews,100,Fri Aug 03 05:39:49 +0000 2018,-0.34,0.19,0.333,0.476,Accused shark thief: I was trying to save the shark https://t.co/YQuetd7Uo9 https://t.co/2Kphf97as6
200,@CNN,1,Sat Aug 04 03:04:10 +0000 2018,0.0,0.0,0.0,1.0,What could you buy with Apple‚Äôs $1 trillion? https://t.co/eWa0ScnMwV https://t.co/xhNnmkeZbw
201,@CNN,2,Sat Aug 04 03:01:06 +0000 2018,0.0,0.0,0.0,1.0,Only 1 tweet really mattered this week | Analysis by @CillizzaCNN https://t.co/NISLmzA4g7 https://t.co/Sjt8V1EM4c
202,@CNN,3,Sat Aug 04 02:58:07 +0000 2018,-0.1027,0.0,0.072,0.928,Toyota warns auto tariffs will raise car prices and models produced in the US will cost more https://t.co/NP8uZ5h8ld https://t.co/x6mhy3NVWk
203,@CNN,4,Sat Aug 04 02:51:06 +0000 2018,0.3818,0.307,0.242,0.451,Opinion: 'Stand your ground' laws encourage racially charged violence | By David Love via @CNNOpinion https://t.co/UEMApk8sxx
204,@CNN,5,Sat Aug 04 02:46:07 +0000 2018,-0.6553,0.043,0.174,0.782,Could the financial crisis of the late 2000s have been prevented? And did the government do enough after it hit? Se‚Ä¶ https://t.co/1zBwy6GO37
205,@CNN,6,Sat Aug 04 02:43:08 +0000 2018,0.3182,0.113,0.0,0.887,"California's Sen. Kamala Harris urged Democrats to embrace issues of race, gender, sexual orientation and more -- l‚Ä¶ https://t.co/PSMmstUfhN"
206,@CNN,7,Sat Aug 04 02:40:49 +0000 2018,0.5994,0.17,0.0,0.83,"The wife of a former US Marine tearfully bade farewell to loved ones Friday before she boarded a flight to Mexico,‚Ä¶ https://t.co/JcFHt8oxZQ"
207,@CNN,8,Sat Aug 04 02:39:15 +0000 2018,-0.7351,0.0,0.228,0.772,"RT @CNNTonight: .@DonLemon: President Trump is breaking records when it comes to lying. The lies from this President are coming fast, and t‚Ä¶"
208,@CNN,9,Sat Aug 04 02:36:25 +0000 2018,0.2263,0.106,0.0,0.894,"Ketamine is a powerful medication used in hospitals primarily as an anesthetic, but recent scientific studies have‚Ä¶ https://t.co/29LbJUigOK"
209,@CNN,10,Sat Aug 04 02:33:05 +0000 2018,-0.6369,0.0,0.215,0.785,"Maria Butina, the Russian national charged with conspiracy to act as an agent of Russia within the US, interacted w‚Ä¶ https://t.co/UFa2qzcKns"
210,@CNN,11,Sat Aug 04 02:31:00 +0000 2018,0.6478,0.209,0.0,0.791,"A 1962 Ferrari 250 GTO, estimated to be worth between $45 million and $60 million, may soon be the most valuable ca‚Ä¶ https://t.co/xWhFSOA9SK"
211,@CNN,12,Sat Aug 04 02:30:15 +0000 2018,0.4019,0.13,0.0,0.87,Former Trump campaign chairman Paul Manafort's accountants told jurors that loan amounts were fudged to help him on‚Ä¶ https://t.co/evC9uZ4qI4
212,@CNN,13,Sat Aug 04 02:26:51 +0000 2018,0.5719,0.17,0.0,0.83,"RT @AC360: Have you ever wondered what it's like to depose Donald Trump? Attorney Glenn Zeitz did it in the 1990's, and shares this anecdot‚Ä¶"
213,@CNN,14,Sat Aug 04 02:15:26 +0000 2018,0.0,0.0,0.0,1.0,"An Ohio judge ordered a defendant's mouth taped shut during a courtroom hearing, and a media outlet's video caught‚Ä¶ https://t.co/R7xDFoezr4"
214,@CNN,15,Sat Aug 04 02:01:06 +0000 2018,0.0,0.0,0.0,1.0,Four takeaways from day four of the Paul Manafort trial https://t.co/eD77g2A635 https://t.co/WQ8JO64JmL
215,@CNN,16,Sat Aug 04 01:57:09 +0000 2018,-0.128,0.0,0.077,0.923,RT @AC360: The President's stance on Russia's election meddling often undercuts his administration's position and the tough statements his‚Ä¶
216,@CNN,17,Sat Aug 04 01:56:51 +0000 2018,-0.0258,0.226,0.188,0.586,"RT @OutFrontCNN: Can party drug Ketamine help alleviate suicidal thoughts? @drsanjaygupta interviews Alan Ferguson, a Ketamine patient, who‚Ä¶"
217,@CNN,18,Sat Aug 04 01:55:19 +0000 2018,-0.4767,0.0,0.154,0.846,"The Newseum, a unique monument and museum to journalism and the First Amendment, is selling ""Fake News"" T-shirts‚Ä¶ https://t.co/R6oJwHBDO0"
218,@CNN,19,Sat Aug 04 01:54:05 +0000 2018,-0.1281,0.0,0.077,0.923,"More than 100 goats invaded a neighborhood in Boise, Idaho, and some residents really didn't want them to leave‚Ä¶ https://t.co/xwGi9h4EVr"
219,@CNN,20,Sat Aug 04 01:51:05 +0000 2018,0.0,0.0,0.0,1.0,Osama bin Laden's mother breaks her long silence | By Peter Bergen via @CNNOpinion https://t.co/JSyusxAfx1 https://t.co/4icoCZTC3P
220,@CNN,21,Sat Aug 04 01:41:06 +0000 2018,0.0,0.0,0.0,1.0,"Urban Meyer, coach of college football powerhouse Ohio State, said he followed procedure in reporting domestic viol‚Ä¶ https://t.co/ulPw3bunWC"
221,@CNN,22,Sat Aug 04 01:36:47 +0000 2018,0.4767,0.147,0.0,0.853,"RT @OutFrontCNN: Former Director of National Intelligence James Clapper calls the Trump-Putin summit a ""fiasco,"" adding that Dan Coats stil‚Ä¶"
222,@CNN,23,Sat Aug 04 01:31:05 +0000 2018,-0.5994,0.0,0.259,0.741,How hundreds of parishioners of a notorious South Korean church ended up stuck in Fiji https://t.co/PesgYXDvWu https://t.co/8RLaimUpvk
223,@CNN,24,Sat Aug 04 01:21:03 +0000 2018,-0.6369,0.0,0.167,0.833,The family of a man who was fatally shot by US Park Police in November 2017 after a vehicle chase in Virginia filed‚Ä¶ https://t.co/eYOI8eWUo6
224,@CNN,25,Sat Aug 04 01:10:02 +0000 2018,0.0,0.0,0.0,1.0,"Secretary of State Mike Pompeo said North Korea is ""of course"" closer to denuclearization, but he acknowledged it w‚Ä¶ https://t.co/5SpelG9UHf"
225,@CNN,26,Sat Aug 04 01:01:05 +0000 2018,0.431,0.169,0.0,0.831,"The press isn't the enemy, it's the protector | By Joseph Holt via @CNNOpinion https://t.co/y1pKrqcEcp https://t.co/atXzlGVWWr"
226,@CNN,27,Sat Aug 04 00:51:02 +0000 2018,0.7003,0.312,0.0,0.688,The Kentucky Democratic Party has called on a party candidate for county judge-executive to apologize after he ran‚Ä¶ https://t.co/SxCTJjtig8
227,@CNN,28,Sat Aug 04 00:41:05 +0000 2018,-0.7717,0.0,0.295,0.705,"A police officer mistakenly killed a Vietnam vet who had just shot an intruder in his Aurora, Colorado, home‚Ä¶ https://t.co/BzKsF48deg"
228,@CNN,29,Sat Aug 04 00:32:29 +0000 2018,0.3612,0.122,0.0,0.878,"RT @OutFrontCNN: .@CortesSteve, a member of Donald Trump's 2020 Re-elect Council, weighs in on the importance of upcoming elections, sugges‚Ä¶"
229,@CNN,30,Sat Aug 04 00:31:06 +0000 2018,0.0,0.0,0.0,1.0,"FX Networks CEO John Landgraf said the TV industry is undergoing ""an inflationary period"" that will continue to see‚Ä¶ https://t.co/mYHcm431Rl"
230,@CNN,31,Sat Aug 04 00:27:46 +0000 2018,0.0,0.0,0.0,1.0,"RT @CNNMoney: ""Trump essentially wants a monopoly on information."" New York Times' David Leonhardt reflects on Trump's base, polarization i‚Ä¶"
231,@CNN,32,Sat Aug 04 00:21:03 +0000 2018,0.5106,0.158,0.051,0.791,We need family leave -- but not at the expense of retirement benefits | By Jennifer Greenfield via @CNNOpinion https://t.co/ZErDm2loYH
232,@CNN,33,Sat Aug 04 00:11:06 +0000 2018,0.3818,0.133,0.0,0.867,The now-disbanded commission that President Trump set up to investigate election integrity did not find evidence of‚Ä¶ https://t.co/ejxfj5XgbD
233,@CNN,34,Sat Aug 04 00:01:06 +0000 2018,-0.3818,0.085,0.183,0.732,The Kushner Companies finally offloads its troubled 666 Fifth Avenue flagship building https://t.co/pwJ0ybvk2A https://t.co/Jpmf4ZsjOL
234,@CNN,35,Fri Aug 03 23:51:04 +0000 2018,-0.7506,0.082,0.275,0.643,"From 2014 through 2017, there was an increase in US poison control calls related to the intentional abuse and misus‚Ä¶ https://t.co/40a41XfYc8"
235,@CNN,36,Fri Aug 03 23:41:05 +0000 2018,-0.1027,0.0,0.149,0.851,Starbucks may let customers pay with bitcoin https://t.co/kGa5h4Jscz https://t.co/iFN5r33p15
236,@CNN,37,Fri Aug 03 23:37:11 +0000 2018,0.3612,0.098,0.0,0.902,"RT @OutFrontCNN: What will it be like when Rick Gates, Paul Manafort's longtime deputy, serves as a witness in the trial? Shan Wu, Gates' f‚Ä¶"
237,@CNN,38,Fri Aug 03 23:35:44 +0000 2018,0.0,0.0,0.0,1.0,First lady Melania Trump's policy director departs https://t.co/zaVx4vpQik https://t.co/JtehbPE5Xr
238,@CNN,39,Fri Aug 03 23:31:05 +0000 2018,0.128,0.129,0.105,0.766,"Yes, there are people who wash and reuse condoms. And the CDC wants them to stop. https://t.co/1ABBknZMzv https://t.co/ZDpHqAy8vg"
239,@CNN,40,Fri Aug 03 23:21:03 +0000 2018,0.296,0.115,0.0,0.885,The Securities and Exchange Commission has dropped its probe into whether ExxonMobil misled investors about its kno‚Ä¶ https://t.co/9MUz0TtO9f
240,@CNN,41,Fri Aug 03 23:11:05 +0000 2018,0.0,0.0,0.0,1.0,"A herd of rental goats invades a Boise neighborhood, and really baaaaaaad goat puns ensue https://t.co/NlrL6LPcTZ https://t.co/j1xVuNN0lT"
241,@CNN,42,Fri Aug 03 23:06:00 +0000 2018,0.0,0.0,0.0,1.0,"Seattle's Space Needle just got a see-through floor, and it revolves. It's the world's first and only revolving gla‚Ä¶ https://t.co/zfbPKjzEX7"
242,@CNN,43,Fri Aug 03 23:01:06 +0000 2018,0.5719,0.209,0.0,0.791,Donald Trump can't stand how much he loves the press | Analysis by @CillizzaCNN https://t.co/abwSRZ0D2v https://t.co/MIV180PdWU
243,@CNN,44,Fri Aug 03 22:53:14 +0000 2018,-0.2732,0.0,0.091,0.909,"RT @CNNSitRoom: ""It‚Äôs absolutely terrible.‚Äù Rep. Veasey reacts to President Trump saying Rep. Maxine Waters has a ‚Äúvery low IQ,‚Äù he adds, ‚Äú‚Ä¶"
244,@CNN,45,Fri Aug 03 22:51:06 +0000 2018,0.0,0.0,0.0,1.0,"In a small town where 51% voted for Trump, one local official takes a knee during the Pledge of Allegiance in prote‚Ä¶ https://t.co/ahD2RdAo5p"
245,@CNN,46,Fri Aug 03 22:41:04 +0000 2018,0.0,0.0,0.0,1.0,The bonfire of Paul Manafort's vanities | By Paul Callan via @CNNOpinion https://t.co/4DhFXKznjm https://t.co/No92EmK17u
246,@CNN,47,Fri Aug 03 22:37:59 +0000 2018,0.0,0.0,0.0,1.0,"LIVE NOW: Anderson Cooper Full Circle, a daily interactive news show airing on Facebook Watch‚Ä¶ https://t.co/ChGXswNcRX"
247,@CNN,48,Fri Aug 03 22:36:40 +0000 2018,0.0,0.0,0.0,1.0,RT @TheLeadCNN: A new internal document obtained by CNN shows the TSA's proposal to eliminate screening at more than 150 small to medium si‚Ä¶
248,@CNN,49,Fri Aug 03 22:33:05 +0000 2018,-0.7717,0.0,0.3,0.7,"She confronted her harasser, and he punched her in the face. Now she's fighting back.

This week, France passed a n‚Ä¶ https://t.co/cvUhc5e9ZJ"
249,@CNN,50,Fri Aug 03 22:28:41 +0000 2018,0.0,0.0,0.0,1.0,A federal judge called the Trump administration's slowness to track down migrant parents it had separated from thei‚Ä¶ https://t.co/s4MblzSsyY
250,@CNN,51,Fri Aug 03 22:26:19 +0000 2018,0.0,0.0,0.0,1.0,"LIVE NOW: Anderson Cooper Full Circle, a daily interactive news show airing on Facebook Watch‚Ä¶ https://t.co/eTyNPpHseV"
251,@CNN,52,Fri Aug 03 22:26:01 +0000 2018,0.3612,0.135,0.0,0.865,"""This looks like a baaaaaaaaaaaaaaad situation."" Dozens of goats invaded a suburb of Boise, Idaho, after walking of‚Ä¶ https://t.co/P7gcmwCRDK"
252,@CNN,53,Fri Aug 03 22:21:23 +0000 2018,-0.34,0.0,0.156,0.844,This is how fast the Carr Fire is spreading in Northern California https://t.co/QVONH4yMUo https://t.co/AQyLxa16yq
253,@CNN,54,Fri Aug 03 22:16:05 +0000 2018,0.0,0.0,0.0,1.0,A short story written by Ernest Hemingway in 1956 is being published for the first time https://t.co/CHFyzWUwD8 https://t.co/kehC3WgdjO
254,@CNN,55,Fri Aug 03 22:11:05 +0000 2018,-0.2732,0.0,0.11,0.89,Democrats running in November's midterms have been warned not to use devices produced by Chinese manufacturers ZTE‚Ä¶ https://t.co/1ZRXw9DG1q
255,@CNN,56,Fri Aug 03 22:06:06 +0000 2018,0.5719,0.188,0.0,0.812,"These 11 colleagues won a $543 million jackpot, and they say they plan to keep working https://t.co/VZichgEEXf https://t.co/j0AHFm7pZx"
256,@CNN,57,Fri Aug 03 22:01:05 +0000 2018,0.5106,0.155,0.0,0.845,"A family snorkeling in Hawaii managed to free a 20-foot whale shark from a thick, heavy piece of fishing line that‚Ä¶ https://t.co/EWkeVrIlYw"
257,@CNN,58,Fri Aug 03 21:51:08 +0000 2018,-0.6486,0.0,0.202,0.798,Thousands of dead marine animals are piling up on Florida's southwest beaches. They're clogging inlets and canals.‚Ä¶ https://t.co/DDMMkz1TWD
258,@CNN,59,Fri Aug 03 21:50:31 +0000 2018,-0.128,0.0,0.077,0.923,"RT @CNNSitRoom: CNN‚Äôs @DavidChalian on investigators meeting with the 'Manhattan Madam"": This should probably be alarming for Trump‚Äôs team,‚Ä¶"
259,@CNN,60,Fri Aug 03 21:41:07 +0000 2018,0.296,0.164,0.109,0.727,"""Crazy Rich Asians"" is the first major studio film centered on an Asian-American character's story since 1993‚Ä¶ https://t.co/NH1cufRAFJ"
260,@CNN,61,Fri Aug 03 21:31:06 +0000 2018,0.0,0.0,0.0,1.0,5G is coming to Houston. Here's why that's a big deal: https://t.co/qstJoVvH1h https://t.co/DhwDGElrxY
261,@CNN,62,Fri Aug 03 21:21:06 +0000 2018,-0.3612,0.0,0.128,0.872,A Japanese medical school allegedly rigged exams to keep women out. One source claimed the alleged practice stemmed‚Ä¶ https://t.co/r2YIrZA5H8
262,@CNN,63,Fri Aug 03 21:15:54 +0000 2018,0.0,0.0,0.0,1.0,"Some half-gallon cartons of Vanilla Almond Breeze almond milk are being recalled because they may contain milk, an‚Ä¶ https://t.co/gPP3WJxst9"
263,@CNN,64,Fri Aug 03 21:11:04 +0000 2018,0.5719,0.291,0.0,0.709,WWE wrestler Kane wins mayoral race in Tennessee https://t.co/Gp4IkLXfmm https://t.co/e26lXYn4h5
264,@CNN,65,Fri Aug 03 21:05:27 +0000 2018,0.4005,0.137,0.0,0.863,"A federal judge says the Deferred Action for Childhood Arrivals program should be fully restored.

Judge John Bates‚Ä¶ https://t.co/yYV1lpAGTi"
265,@CNN,66,Fri Aug 03 21:01:07 +0000 2018,-0.0772,0.0,0.064,0.936,Smith College is apologizing after an employee called police to report a student of color who they said appeared to‚Ä¶ https://t.co/gA80g9cS55
266,@CNN,67,Fri Aug 03 21:00:56 +0000 2018,0.6369,0.189,0.0,0.811,"Brookstone, the mall and airport seller best known for massage chairs, quirky gadgets and travel luggage, has filed‚Ä¶ https://t.co/S0IfN43Aqa"
267,@CNN,68,Fri Aug 03 20:56:09 +0000 2018,0.3182,0.095,0.0,0.905,RT @TheLeadCNN: The Trump administration wants the ACLU to be responsible for tracking down more than 500 parents who were separated from t‚Ä¶
268,@CNN,69,Fri Aug 03 20:55:15 +0000 2018,0.0,0.0,0.0,1.0,"Revisit the 2000 presidential election through the eyes of Callie Shell and David Hume @kennerly, photographers wit‚Ä¶ https://t.co/uJQnyfYBle"
269,@CNN,70,Fri Aug 03 20:51:45 +0000 2018,0.4215,0.113,0.0,0.887,"RT @CNNnewsroom: Why do you think the cops were called on your sister, asks @BrookeBCNN. ""Because we're black. That's why"" says Faith Marti‚Ä¶"
270,@CNN,71,Fri Aug 03 20:51:05 +0000 2018,0.0,0.0,0.0,1.0,The tallest building in Europe is nearly complete https://t.co/bGqu1NxUPP
271,@CNN,72,Fri Aug 03 20:46:16 +0000 2018,0.0,0.0,0.0,1.0,"RT @nowthised: üéß to Election 2000 Over/Time - incredible podcast from @CNN + @CNNPolitics + @cnnpodcasts

https://t.co/VuOuHUAJbm

Go insid‚Ä¶"
272,@CNN,73,Fri Aug 03 20:43:05 +0000 2018,0.5719,0.156,0.0,0.844,Alexandria Ocasio-Cortez won in New York. Now her allies are taking on the Midwest. Most of the candidates now ridi‚Ä¶ https://t.co/QIKJBAYaul
273,@CNN,74,Fri Aug 03 20:41:07 +0000 2018,0.2498,0.095,0.0,0.905,"President Trump said he doesn't have much time these days for reading, but that hasn't stopped him from recommendin‚Ä¶ https://t.co/yVXkV01txu"
274,@CNN,75,Fri Aug 03 20:31:05 +0000 2018,0.3818,0.254,0.19,0.556,An Australian climber trapped for a week on a freezing New Zealand mountain was rescued after a remarkable feat of‚Ä¶ https://t.co/ii5dpKF2RX
275,@CNN,76,Fri Aug 03 20:26:48 +0000 2018,0.0,0.0,0.0,1.0,A proposal to eliminate screening at more than 150 small to medium sized airports is just one of several cost-savin‚Ä¶ https://t.co/FzkMMMao0x
276,@CNN,77,Fri Aug 03 20:26:24 +0000 2018,0.0,0.0,0.0,1.0,"RT @CNNnewsroom: ""I don't think we're ever going to know what happened in that conversation ... [Trump's administration] works for a man wh‚Ä¶"
277,@CNN,78,Fri Aug 03 20:21:08 +0000 2018,0.0,0.0,0.0,1.0,Physicians use a variety of reusable medical scopes to peer into the body during colonoscopies and other procedures‚Ä¶ https://t.co/AHdlpRIhqg
278,@CNN,79,Fri Aug 03 20:11:04 +0000 2018,0.6705,0.244,0.0,0.756,"As Amazon decides its HQ2 winner, several cities already bumped from the list have landed smaller investments from‚Ä¶ https://t.co/RjCkGOj6Km"
279,@CNN,80,Fri Aug 03 20:01:07 +0000 2018,-0.5423,0.0,0.156,0.844,"395 people have been sickened by cyclospora infection in an ongoing outbreak linked to McDonald's salads, the FDA s‚Ä¶ https://t.co/Sng0cCxPzt"
280,@CNN,81,Fri Aug 03 19:56:09 +0000 2018,-0.5574,0.0,0.153,0.847,"An ice cream salesman's 77-year-old mother reportedly died of suffocation due to dry ice.

She and the man's wife w‚Ä¶ https://t.co/FkHNYNpAOl"
281,@CNN,82,Fri Aug 03 19:51:04 +0000 2018,0.5023,0.209,0.087,0.705,India's airlines have more customers than ever but profits are hard to find https://t.co/bmNo33CMJt https://t.co/RzNX44OWlE
282,@CNN,83,Fri Aug 03 19:46:06 +0000 2018,0.4939,0.132,0.0,0.868,The motive behind the slaughter of 58 people at a Las Vegas music festival -- the deadliest mass shooting in US his‚Ä¶ https://t.co/2JXMfPrJsF
283,@CNN,84,Fri Aug 03 19:41:05 +0000 2018,0.34,0.103,0.0,0.897,"After Apple became the first American company to hit $1 trillion in market value, CEO Tim Cook told employees to ke‚Ä¶ https://t.co/MiijpCpw5i"
284,@CNN,85,Fri Aug 03 19:36:05 +0000 2018,-0.25,0.131,0.213,0.656,A former youth care worker is accused of sexually abusing 8 teenage boys at a federally funded AZ migrant shelter t‚Ä¶ https://t.co/LYwdDhgqxh
285,@CNN,86,Fri Aug 03 19:31:05 +0000 2018,0.0,0.0,0.0,1.0,"These middle-aged Japanese men can be rented, for almost any purpose, for just 1,000 yen per hour (about US $9).‚Ä¶ https://t.co/QQbNcMbSlA"
286,@CNN,87,Fri Aug 03 19:21:05 +0000 2018,-0.4404,0.0,0.116,0.884,"The US economy added 157,000 jobs in July, and the unemployment rate fell to 3.9%. The US has added jobs every mont‚Ä¶ https://t.co/otD39SZTTo"
287,@CNN,88,Fri Aug 03 19:11:10 +0000 2018,0.0,0.0,0.0,1.0,"Research is mounting that the heat, drought and wildfires we are experiencing now are just the beginning of what cl‚Ä¶ https://t.co/4otJLRaTsP"
288,@CNN,89,Fri Aug 03 19:01:13 +0000 2018,-0.3612,0.0,0.111,0.889,"RT @CNNnewsroom: Fmr. WH Counsel, Robert Bauer, says the US government's performance on family separations has been ""appalling from day one‚Ä¶"
289,@CNN,90,Fri Aug 03 19:01:05 +0000 2018,0.0,0.0,0.0,1.0,"Who was buried at Stonehenge? For the first time, new research is lifting the veil https://t.co/0ncSgZQzo1 https://t.co/u2VGQVpQWs"
290,@CNN,91,Fri Aug 03 18:56:19 +0000 2018,0.128,0.129,0.105,0.766,"Yes, there are people who wash and reuse condoms. And the CDC wants them to stop. https://t.co/2EWXSUgCw5 https://t.co/Jyo76UO6Zp"
291,@CNN,92,Fri Aug 03 18:50:18 +0000 2018,0.5574,0.146,0.0,0.854,"RT @CNNnewsroom: Peter Bergen, who interviewed Osama bin Laden in 1997, reacts to bin Laden's mother's positive comments about her son: ""Wh‚Ä¶"
292,@CNN,93,Fri Aug 03 18:41:02 +0000 2018,0.5719,0.209,0.0,0.791,Donald Trump can't stand how much he loves the press | Analysis by @CillizzaCNN https://t.co/6PxCPTLzfO https://t.co/LrSXW1gJAa
293,@CNN,94,Fri Aug 03 18:28:42 +0000 2018,0.0,0.0,0.0,1.0,"Seattle's Space Needle just got a see-through floor, and it revolves. It's the world's first and only revolving gla‚Ä¶ https://t.co/Byho4TSa8c"
294,@CNN,95,Fri Aug 03 18:13:41 +0000 2018,-0.7717,0.0,0.3,0.7,"She confronted her harasser, and he punched her in the face. Now she's fighting back.

This week, France passed a n‚Ä¶ https://t.co/pAB0dFVODq"
295,@CNN,96,Fri Aug 03 18:03:42 +0000 2018,0.0,0.0,0.0,1.0,Apple became the first publicly traded US company to hit a trillion dollar market valuation. Can it stay there?‚Ä¶ https://t.co/qsenalKGU1
296,@CNN,97,Fri Aug 03 18:02:19 +0000 2018,-0.7096,0.0,0.269,0.731,"Harvey Weinstein is seeking the dismissal of sexual assault charges against him, according to court documents obtai‚Ä¶ https://t.co/WkKcCHS2Qa"
297,@CNN,98,Fri Aug 03 17:50:06 +0000 2018,0.5106,0.155,0.0,0.845,"A family snorkeling in Hawaii managed to free a 20-foot whale shark from a thick, heavy piece of fishing line that‚Ä¶ https://t.co/rn0956WJlN"
298,@CNN,99,Fri Aug 03 17:39:53 +0000 2018,-0.6486,0.0,0.202,0.798,Thousands of dead marine animals are piling up on Florida's southwest beaches. They're clogging inlets and canals.‚Ä¶ https://t.co/lFXW4HGNUy
299,@CNN,100,Fri Aug 03 17:27:30 +0000 2018,0.4754,0.181,0.0,0.819,The most popular American cars will cost thousands of dollars more because of tariffs https://t.co/ThES93IdYW
300,@FoxNews,1,Sat Aug 04 03:08:00 +0000 2018,0.7213,0.251,0.0,0.749,"ACT OF KINDNESS: Amid sweltering summer heat, a Nevada bus driver offered an elderly man a cool water bottle from h‚Ä¶ https://t.co/sq4RLJbEL9"
301,@FoxNews,2,Sat Aug 04 02:58:35 +0000 2018,-0.3612,0.0,0.106,0.894,"Pastor Van Moody on @WhiteHouse visit: ""I think the purpose of trying to make a difference in the lives of people t‚Ä¶ https://t.co/G7TXUzdxUL"
302,@FoxNews,3,Sat Aug 04 02:39:35 +0000 2018,0.0,0.0,0.0,1.0,"Gin drinkers spend more money drunkenly online shopping, study reveals https://t.co/tgIg18rIGK"
303,@FoxNews,4,Sat Aug 04 02:25:39 +0000 2018,-0.128,0.085,0.109,0.806,".@TezlynFigaro: ""Democrats have been playing platform hopscotch for the last several years, which is why we lost th‚Ä¶ https://t.co/eK29j60lVi"
304,@FoxNews,5,Sat Aug 04 02:22:10 +0000 2018,0.0,0.0,0.0,1.0,"Indiana boy dies after ingesting 180 times the lethal amount of meth while under father's custody, report says https://t.co/TumZgkEn2I"
305,@FoxNews,6,Sat Aug 04 02:07:14 +0000 2018,0.0,0.0,0.0,1.0,".@KellyannePolls on midterm elections: ""This is a president that doesn't follow the trends. He makes new trends. He‚Ä¶ https://t.co/j0RMkDVU1J"
306,@FoxNews,7,Sat Aug 04 01:56:58 +0000 2018,-0.0772,0.213,0.225,0.562,".@marcorubio: ""There is no greater threat to the United States because China seeks to replace us."" #Tucker‚Ä¶ https://t.co/CFHqYUA5rT"
307,@FoxNews,8,Sat Aug 04 01:47:00 +0000 2018,0.4404,0.209,0.0,0.791,Dealers return to the streets thanks to steep drug analysis backlogs https://t.co/752uD0dhMC
308,@FoxNews,9,Sat Aug 04 01:38:00 +0000 2018,0.6761,0.315,0.098,0.587,Pastor Van Moody: Don't attack me and other black faith leaders for working with @POTUS to help others https://t.co/PTuL1WCn1F
309,@FoxNews,10,Sat Aug 04 01:29:45 +0000 2018,-0.6369,0.0,0.296,0.704,.@OSUCoachMeyer says he followed 'proper protocols' on Smith abuse allegations https://t.co/lk8iIA41F1
310,@FoxNews,11,Sat Aug 04 01:17:28 +0000 2018,0.0,0.0,0.0,1.0,".@marcorubio: ""I personally don't believe we should be allowing any Chinese telecommunication company to do busines‚Ä¶ https://t.co/FbOl5U0knb"
311,@FoxNews,12,Sat Aug 04 01:13:00 +0000 2018,-0.7269,0.0,0.321,0.679,No tow truck? No problem. This @PascoSheriff's officer pushed a stranded driver through an intersection and off of‚Ä¶ https://t.co/JBk4FBU8U3
312,@FoxNews,13,Sat Aug 04 01:05:26 +0000 2018,-0.4404,0.0,0.195,0.805,NFL analysts @marshallfaulk and more reportedly not returning to @nflnetwork following scandal https://t.co/lxe3jwTC9Q
313,@FoxNews,14,Sat Aug 04 00:56:00 +0000 2018,0.0,0.0,0.0,1.0,.@LastManStanding star @ofctimallen and producers reveal season 7 details https://t.co/qAqHnwofkY
314,@FoxNews,15,Sat Aug 04 00:45:58 +0000 2018,0.0,0.0,0.0,1.0,".@kanyewest on track toward billionaire status, report says https://t.co/4E2l4ETbxH"
315,@FoxNews,16,Sat Aug 04 00:30:00 +0000 2018,-0.4215,0.0,0.259,0.741,National Archives denies @SenSchumer request for Kavanaugh docs https://t.co/2kugUbKyF2
316,@FoxNews,17,Sat Aug 04 00:19:52 +0000 2018,-0.2411,0.0,0.079,0.921,"""We have 55 boxes that have remains in them. We're not sure yet how many individuals this will turn out to be.""‚Äî Dr‚Ä¶ https://t.co/OSguI4xrIz"
317,@FoxNews,18,Sat Aug 04 00:17:00 +0000 2018,-0.296,0.074,0.134,0.792,Shocking surveillance video shows fireworks being launched into an outdoor bar patio in North Carolina from a passi‚Ä¶ https://t.co/AEbOgjr6Lh
318,@FoxNews,19,Sat Aug 04 00:13:51 +0000 2018,0.0,0.0,0.0,1.0,"""What we look at are the size and shapes of the bones, which give us indications about ancestry."" ‚Äî Dr. John Byrd e‚Ä¶ https://t.co/xncPxTr80Q"
319,@FoxNews,20,Sat Aug 04 00:08:12 +0000 2018,0.0,0.0,0.0,1.0,The Pentagon exclusively showed Fox News military equipment that was found among the remains returned from North Ko‚Ä¶ https://t.co/wYO68m1dEi
320,@FoxNews,21,Fri Aug 03 23:51:54 +0000 2018,0.3612,0.143,0.0,0.857,'I Have a Lot of Questions': Las Vegas Shooting Survivor Reacts to Closing of Investigation  #TheStory https://t.co/TPxzndbTtf
321,@FoxNews,22,Fri Aug 03 23:44:49 +0000 2018,0.6124,0.25,0.0,0.75,"""For humanity's sake, I don't know who suggested that [@MGMResortsIntl] go after survivors like this...It's like a‚Ä¶ https://t.co/7FVfS6cpnA"
322,@FoxNews,23,Fri Aug 03 23:40:08 +0000 2018,0.296,0.18,0.0,0.82,Manafort accountant with immunity admits having reservations about tax filings https://t.co/4O4ZKOzxJr
323,@FoxNews,24,Fri Aug 03 23:29:58 +0000 2018,0.0,0.0,0.0,1.0,.@JessieJDecker posts a photo of herself holding a wine flute while breastfeeding 4-month-old son Forrest https://t.co/kKxGQIr1Jt
324,@FoxNews,25,Fri Aug 03 23:18:43 +0000 2018,0.0,0.0,0.0,1.0,"Conor McGregor to return to the @UFC in October, @danawhite says https://t.co/iJsBuL7y0x"
325,@FoxNews,26,Fri Aug 03 23:04:00 +0000 2018,0.3047,0.11,0.052,0.839,".@MZHemingway on DACA ruling: ""President Obama didn't have the authority to this, but somehow that was okay. But wh‚Ä¶ https://t.co/vsJ8MwuGo8"
326,@FoxNews,27,Fri Aug 03 22:57:00 +0000 2018,-0.4767,0.0,0.14,0.86,THE ULTIMATE SHOWDOWN: An Oregon man was arrested Thursday night after getting caught on video earlier this week ‚Äúh‚Ä¶ https://t.co/4ZbGCKKWoT
327,@FoxNews,28,Fri Aug 03 22:53:03 +0000 2018,0.3818,0.115,0.0,0.885,".@ByronYork on DACA ruling: ""Democrats don't need to deal. The courts are going to keep DACA alive and possibly res‚Ä¶ https://t.co/oNk3eDGmyG"
328,@FoxNews,29,Fri Aug 03 22:48:12 +0000 2018,0.8126,0.346,0.0,0.654,"""The president wants to deliver the best care possible."" ‚Äî @JenGriffinFNC spoke exclusively to new @DeptVetAffairs‚Ä¶ https://t.co/VLpNp788ZN"
329,@FoxNews,30,Fri Aug 03 22:44:33 +0000 2018,0.0,0.0,0.0,1.0,"RT @MikeEmanuelFox: Senate Democrats unveil new strategy for Judge Kavanaugh nomination - from #SpecialReport tonight:
https://t.co/vdj1syn‚Ä¶"
330,@FoxNews,31,Fri Aug 03 22:35:24 +0000 2018,0.0,0.0,0.0,1.0,"A federal judge on Friday ordered a total restart of the DACA program, dealing a blow to the #Trump administration.‚Ä¶ https://t.co/5KUMbv3k1g"
331,@FoxNews,32,Fri Aug 03 22:26:40 +0000 2018,0.0,0.0,0.0,1.0,"BREAKING: DACA program should be fully restarted, federal judge rules https://t.co/T47Piyqak7"
332,@FoxNews,33,Fri Aug 03 22:22:01 +0000 2018,0.0,0.0,0.0,1.0,Judge: Reuniting families is '100 percent the responsibility' of @POTUS administration https://t.co/NKnn8oYvTz
333,@FoxNews,34,Fri Aug 03 22:08:39 +0000 2018,0.0,0.0,0.0,1.0,WATCH: A bald eagle took to the sky once more earlier this week after being treated for injuries. https://t.co/79yYfBXQWy
334,@FoxNews,35,Fri Aug 03 21:48:17 +0000 2018,-0.296,0.0,0.18,0.82,"JinJing Ma, missing 12-year-old Chinese girl, ‚Äòfound safe,‚Äô officials say https://t.co/15gEnm04KE"
335,@FoxNews,36,Fri Aug 03 21:37:56 +0000 2018,0.0,0.0,0.0,1.0,"Speaking to reporters, TV icon @KelseyGrammer reflected on the biggest lessons he‚Äôs learned in his life.‚Ä¶ https://t.co/1P9jqnuEgr"
336,@FoxNews,37,Fri Aug 03 21:30:41 +0000 2018,-0.7003,0.0,0.345,0.655,".@BretBaier says opposing White House ban of CNN reporter was ""no brainer"" https://t.co/J7FXkPCyRt"
337,@FoxNews,38,Fri Aug 03 21:30:00 +0000 2018,0.0,0.0,0.0,1.0,"""ICE is enforcing the laws in the books.""

On ""Your World,"" former acting ICE Director Thomas Homan responded to Ne‚Ä¶ https://t.co/HT7UXkMDtZ"
338,@FoxNews,39,Fri Aug 03 21:27:31 +0000 2018,0.0,0.0,0.0,1.0,"Omarosa lashes out at Trump, alleges 'mental decline' in new book https://t.co/AdlqU4ibAs"
339,@FoxNews,40,Fri Aug 03 21:21:58 +0000 2018,0.0,0.0,0.0,1.0,Judge cautions Mueller team on high bar for Manafort conviction https://t.co/Zdvf3SILl0
340,@FoxNews,41,Fri Aug 03 21:07:06 +0000 2018,0.3612,0.135,0.0,0.865,"NY 'Should Send Us a Thank You Letter': Homan Takes on Anti-ICE Rhetoric From @NYGovCuomo, @SenGillibrand, Others‚Ä¶ https://t.co/IlBZKQRxz2"
341,@FoxNews,42,Fri Aug 03 20:52:54 +0000 2018,-0.5994,0.0,0.308,0.692,What's behind claims of reports about a rash of missing persons in Iowa? https://t.co/7mQCGV5uzq
342,@FoxNews,43,Fri Aug 03 20:50:57 +0000 2018,0.0,0.0,0.0,1.0,"""[@ZephyrTeachout] needs to educate herself. ICE is enforcing the laws in the books. They're not making this up."" ‚Äî‚Ä¶ https://t.co/x5Bl5sTwrz"
343,@FoxNews,44,Fri Aug 03 20:42:09 +0000 2018,-0.0258,0.118,0.123,0.758,".@LarrySabato: ""Whether you like or dislike Donald Trump, he opened the door to candidacies beyond the traditional.‚Ä¶ https://t.co/gde4G2HXlc"
344,@FoxNews,45,Fri Aug 03 20:34:27 +0000 2018,-0.4939,0.0,0.174,0.826,"RT @FoxNewsResearch: Iran Protests:
‚Ä¢Now in 10 major cities
‚Ä¢Calling for end of rule by Iran's Islamist clerics
‚Ä¢Protesters critical of:
‚Üí‚Ä¶"
345,@FoxNews,46,Fri Aug 03 20:29:21 +0000 2018,-0.4404,0.0,0.132,0.868,".@DanGeltrude: ""Right now people are used to 'things are going great.' Is it possible we're getting tired of winnin‚Ä¶ https://t.co/BqMRtkjvU2"
346,@FoxNews,47,Fri Aug 03 20:17:01 +0000 2018,0.5423,0.209,0.0,0.791,"""If you look below the headline number, the job market, the labor market - still pretty strong."" @AshWebsterFBN rep‚Ä¶ https://t.co/Tsd8d9Q30K"
347,@FoxNews,48,Fri Aug 03 20:10:00 +0000 2018,0.0,0.0,0.0,1.0,"Small town girl turned American icon, Pamela Anderson sits down with @HarveyLevinTMZ on an all-new ""OBJECTified"" -‚Ä¶ https://t.co/klIS2lH87Y"
348,@FoxNews,49,Fri Aug 03 20:03:17 +0000 2018,-0.5574,0.0,0.231,0.769,WATCH: San Francisco Residents Say Illegal Immigrants Should Be Allowed to Vote https://t.co/sGkKqjrXXH
349,@FoxNews,50,Fri Aug 03 20:02:04 +0000 2018,0.0,0.0,0.0,1.0,.@ShepNewsTeam is live with the ‚ÄòFox News Update‚Äô on Facebook Watch: https://t.co/hNrB8xzepH https://t.co/yVLiBe1xHD
350,@FoxNews,51,Fri Aug 03 19:56:46 +0000 2018,-0.2263,0.084,0.116,0.8,RT @ShepNewsTeam: We have the details on a Virginia dam on the brink of collapse &amp; a huge recall that could affect thousands of people with‚Ä¶
351,@FoxNews,52,Fri Aug 03 19:47:21 +0000 2018,0.5719,0.316,0.0,0.684,"Earlier today, @IvankaTrump celebrated the jobs report. https://t.co/LsHVHLVpLY https://t.co/InlCW4ayEL"
352,@FoxNews,53,Fri Aug 03 19:41:30 +0000 2018,0.25,0.143,0.0,0.857,2.8M US jobs will likely be created in 2018: @larry_kudlow - via @FoxBusiness https://t.co/gYdY4j1204
353,@FoxNews,54,Fri Aug 03 19:34:38 +0000 2018,-0.1779,0.0,0.145,0.855,Weird 'monster' captured on film 'stalking a moose' in Canadian wilderness https://t.co/K49HBn2RM1
354,@FoxNews,55,Fri Aug 03 19:28:00 +0000 2018,0.0,0.0,0.0,1.0,Reports: Red shirt found near pig farm in Iowa could be clue in search for college student #MollieTibbetts;‚Ä¶ https://t.co/44O8e4eZoB
355,@FoxNews,56,Fri Aug 03 19:25:25 +0000 2018,-0.296,0.0,0.145,0.855,"BREAKING NEWS: JinJing Ma, missing 12-year-old Chinese girl, ‚Äòfound safe,‚Äô officials say https://t.co/UrDTbnla5a https://t.co/sJoaQmIRxs"
356,@FoxNews,57,Fri Aug 03 19:18:14 +0000 2018,0.0,0.0,0.0,1.0,Janus Ruling Fallout: Washington state employees sue to 'escape' union https://t.co/WIby6hI6Nu
357,@FoxNews,58,Fri Aug 03 18:50:41 +0000 2018,-0.9081,0.041,0.47,0.489,"Joseph Pappas, man suspected of murdering George HW Bush's doctor, commits suicide after being confronted by police https://t.co/OMqY1r0f8k"
358,@FoxNews,59,Fri Aug 03 18:41:18 +0000 2018,0.0,0.0,0.0,1.0,Poll: Congressional generic ballot. https://t.co/Ooumrsyn8V
359,@FoxNews,60,Fri Aug 03 18:40:00 +0000 2018,0.0,0.0,0.0,1.0,Trump administration says ACLU should work to reunite children with deported parents https://t.co/2vIjJ4Iql1
360,@FoxNews,61,Fri Aug 03 18:32:35 +0000 2018,-0.3252,0.0,0.121,0.879,".@RepKinzinger: ""If people don't have faith that their vote actually counts, that's the biggest thing to undermine‚Ä¶ https://t.co/BROfnWIEw6"
361,@FoxNews,62,Fri Aug 03 18:30:01 +0000 2018,0.3818,0.206,0.0,0.794,#TheDailySpike: How to protect dogs from summer heat stroke @dailybriefing https://t.co/g21heYPUPc
362,@FoxNews,63,Fri Aug 03 18:23:51 +0000 2018,0.0,0.0,0.0,1.0,"US employers add 157,000 jobs, jobless rate hits 3.9 pct. https://t.co/LsHVHLVpLY https://t.co/rfZAxDEkUa"
363,@FoxNews,64,Fri Aug 03 18:16:19 +0000 2018,0.0,0.0,0.0,1.0,"On @AmericaNewsroom, Anthony @Scaramucci discussed the economic effects of President @realDonaldTrump‚Äôs immigration‚Ä¶ https://t.co/ZujWxy5CJV"
364,@FoxNews,65,Fri Aug 03 18:15:00 +0000 2018,0.0,0.0,0.0,1.0,"On ""America's Newsroom,"" National Border Patrol Council President Brandon Judd called for a wall in strategic locat‚Ä¶ https://t.co/fQw7wuVSEK"
365,@FoxNews,66,Fri Aug 03 18:12:44 +0000 2018,-0.7003,0.0,0.392,0.608,American detained after sailing from Alaska to Russia - by accident https://t.co/4smYwdp8pb
366,@FoxNews,67,Fri Aug 03 17:51:12 +0000 2018,0.3818,0.221,0.127,0.652,".@DouglasESchoen: ""If Trump makes this election about the wall, it's good for his base and pretty much bad for ever‚Ä¶ https://t.co/n45TO5Muew"
367,@FoxNews,68,Fri Aug 03 17:44:50 +0000 2018,0.0,0.0,0.0,1.0,".@USNavy veteran with MS, 94, goes for gold in National Veterans Wheelchair Games https://t.co/kFJEKpc3n7"
368,@FoxNews,69,Fri Aug 03 17:42:23 +0000 2018,0.3182,0.15,0.0,0.85,Disney World drama: Minnie Mouse accepts marriage proposal in front of Mickey Mouse https://t.co/Y1So8y0oGQ
369,@FoxNews,70,Fri Aug 03 17:27:02 +0000 2018,-0.4404,0.0,0.492,0.508,Unemployment under @POTUS. https://t.co/vGjWexIW9g
370,@FoxNews,71,Fri Aug 03 17:21:11 +0000 2018,0.0,0.0,0.0,1.0,"Omarosa lashes out at Trump, alleges 'mental decline' in new book https://t.co/mWiaIDAnls"
371,@FoxNews,72,Fri Aug 03 17:11:37 +0000 2018,0.0,0.0,0.0,1.0,".@marc_lotter: ""@POTUS's going to negotiate from a position of strength."" #OutnumberedOT https://t.co/k8e5NHkdNv"
372,@FoxNews,73,Fri Aug 03 17:05:52 +0000 2018,0.0,0.0,0.0,1.0,"Kanye West on track toward billionaire status, report says https://t.co/v6QF8Y1Bnl"
373,@FoxNews,74,Fri Aug 03 16:50:09 +0000 2018,0.3182,0.161,0.0,0.839,Air Force remains silent after huge meteor hits near US military base https://t.co/6KmSJdpQ7x
374,@FoxNews,75,Fri Aug 03 16:49:00 +0000 2018,0.0772,0.152,0.137,0.711,".@Scaramucci: ""Because of his policies, because of his strengthening at the border, the minority unemployment situa‚Ä¶ https://t.co/ZgdzjEqnfE"
375,@FoxNews,76,Fri Aug 03 16:38:54 +0000 2018,-0.128,0.247,0.269,0.485,'Fire tornado' reached 143 mph as it caused path of destruction in scorched California https://t.co/n16Pyb7sKo
376,@FoxNews,77,Fri Aug 03 16:26:48 +0000 2018,-0.6124,0.0,0.2,0.8,".@ChrisStirewalt: ""I will be shocked if the Republicans can manage to lose this and if they do, then light every al‚Ä¶ https://t.co/1WmmQ0FYMI"
377,@FoxNews,78,Fri Aug 03 16:21:18 +0000 2018,0.4019,0.403,0.0,0.597,Poll: Ohio Special Election. https://t.co/qjwXWsKIvp
378,@FoxNews,79,Fri Aug 03 16:13:27 +0000 2018,-0.8885,0.0,0.447,0.553,Breaking News: Man suspected of murdering George HW Bush's doctor is found dead in Houston https://t.co/OMqY1r0f8k
379,@FoxNews,80,Fri Aug 03 16:11:01 +0000 2018,0.5574,0.265,0.0,0.735,".@NASA names nine 'American hero' astronauts for SpaceX, Boeing missions https://t.co/xlLsi1OWen"
380,@FoxNews,81,Fri Aug 03 16:01:58 +0000 2018,-0.5267,0.0,0.236,0.764,Delta passengers restrain unruly man threatening to 'take the plane down' https://t.co/F0axhKYtHY
381,@FoxNews,82,Fri Aug 03 15:49:23 +0000 2018,0.0772,0.152,0.137,0.711,".@Scaramucci: ""Because of his policies, because of his strengthening at the border, the minority unemployment situa‚Ä¶ https://t.co/YT1tTHCzKS"
382,@FoxNews,83,Fri Aug 03 15:49:00 +0000 2018,0.0,0.0,0.0,1.0,"Speaking to reporters, TV icon @KelseyGrammer reflected on the biggest lessons he‚Äôs learned in his life.‚Ä¶ https://t.co/SWHXAzuWag"
383,@FoxNews,84,Fri Aug 03 15:40:06 +0000 2018,-0.0516,0.0,0.054,0.946,"Surfers leave the water next to Scripps Pier Thursday, Aug. 2, 2018, in San Diego. The @Scripps_Ocean says it has r‚Ä¶ https://t.co/tIqA8F8iv5"
384,@FoxNews,85,Fri Aug 03 15:33:53 +0000 2018,-0.296,0.0,0.167,0.833,Report: Crews scour pig farm for missing student #MollieTibbetts; @MattFinnFNC reports. https://t.co/lp7MeyoBd5
385,@FoxNews,86,Fri Aug 03 15:26:56 +0000 2018,-0.2263,0.0,0.147,0.853,Protests along Israel-Gaza border amid reports of possible truce with Hamas. https://t.co/vkdwSP1cLZ
386,@FoxNews,87,Fri Aug 03 15:23:06 +0000 2018,-0.6908,0.0,0.275,0.725,Former NBA star Charles Oakley allegedly cheated at Texas hold'em game leading to his arrest: report https://t.co/bb7BOjc3wJ
387,@FoxNews,88,Fri Aug 03 15:06:22 +0000 2018,0.4939,0.186,0.0,0.814,"On ""Hannity,"" @EricTrump praised his father President @realDonaldTrump's economic achievements as the nation's lead‚Ä¶ https://t.co/YqHsO6MXLi"
388,@FoxNews,89,Fri Aug 03 15:03:22 +0000 2018,0.0,0.0,0.0,1.0,"US employers add 157,000 jobs. https://t.co/LsHVHLVpLY https://t.co/9JUeNiCzuQ"
389,@FoxNews,90,Fri Aug 03 15:01:29 +0000 2018,0.0,0.0,0.0,1.0,"US employers add 157,000 jobs, jobless rate hits 3.9 pct. https://t.co/LsHVHLVpLY https://t.co/vv4v6rC9vX"
390,@FoxNews,91,Fri Aug 03 15:01:24 +0000 2018,0.0,0.0,0.0,1.0,"NASA set to announce astronauts for SpaceX, Boeing missions https://t.co/xlLsi1OWen"
391,@FoxNews,92,Fri Aug 03 14:58:39 +0000 2018,-0.34,0.0,0.156,0.844,Tim Allen speaks out about Roseanne Barr firing: 'That's not the woman I know' https://t.co/phWpRnes37
392,@FoxNews,93,Fri Aug 03 14:56:21 +0000 2018,-0.6486,0.087,0.335,0.578,Woman convicted of ax attack after jurors reject her transgender medication defense https://t.co/ds5r0UpvHb
393,@FoxNews,94,Fri Aug 03 14:53:51 +0000 2018,-0.6908,0.0,0.239,0.761,Usama bin Laden's brother pleads with terrorist mastermind's son not to follow in his footsteps https://t.co/HGTT1vdpb2
394,@FoxNews,95,Fri Aug 03 14:49:23 +0000 2018,-0.7579,0.0,0.429,0.571,"Chicago Protesters March Over Violence, Demand Ouster of Rahm Emanuel; @GiannoCaldwell reports.‚Ä¶ https://t.co/Ii5WFJQVHt"
395,@FoxNews,96,Fri Aug 03 14:47:29 +0000 2018,0.2732,0.231,0.0,0.769,"Stonehenge mystery solved, says breakthrough scientific study https://t.co/PvcQiWw8h6"
396,@FoxNews,97,Fri Aug 03 14:42:09 +0000 2018,0.0,0.0,0.0,1.0,#MollieTibbetts tipline: 800-452-1111. https://t.co/oyH7lilfME
397,@FoxNews,98,Fri Aug 03 14:38:11 +0000 2018,-0.296,0.0,0.115,0.885,"COMING UP: Awaiting news conference on missing @uiowa student #MollieTibbetts - for full live coverage, tune in to‚Ä¶ https://t.co/39k09U00RC"
398,@FoxNews,99,Fri Aug 03 14:34:00 +0000 2018,0.0,0.0,0.0,1.0,".@mercedesschlapp: ""The wall is shown to work."" https://t.co/SACVc49EKc"
399,@FoxNews,100,Fri Aug 03 14:33:47 +0000 2018,0.0,0.0,0.0,1.0,"US employers add 157,000 jobs, jobless rate hits 3.9 pct. https://t.co/a6ekllbIXq"
400,@nytimes,1,Sat Aug 04 03:02:09 +0000 2018,0.0,0.0,0.0,1.0,"The patient ""was trucking along just fine,"" said her doctor. But after a trip to the hospital, she was never quite‚Ä¶ https://t.co/W0DXlv5qwC"
401,@nytimes,2,Sat Aug 04 02:47:05 +0000 2018,0.0,0.0,0.0,1.0,Amar‚Äôe Stoudemire's spiritual journey has taken him further into the world of Jewish tradition. It‚Äôs a turn that ha‚Ä¶ https://t.co/sP6Qm35qmj
402,@nytimes,3,Sat Aug 04 02:32:04 +0000 2018,0.0772,0.172,0.153,0.675,Paul Manafort was deep in debt. He saw an opportunity in Trump. https://t.co/pgCQFZ9jKc
403,@nytimes,4,Sat Aug 04 02:17:01 +0000 2018,-0.8519,0.0,0.329,0.671,"RT @nytopinion: ""In those final weeks, I remember being heartbroken that children were exposed to this anger, were learning from it and par‚Ä¶"
404,@nytimes,5,Sat Aug 04 02:02:03 +0000 2018,0.25,0.095,0.0,0.905,The 400-year history of Zildjian cymbals ‚Äî created for the court for the Ottoman Empire and used by drummers worldw‚Ä¶ https://t.co/fXedE1VKkg
405,@nytimes,6,Sat Aug 04 01:47:02 +0000 2018,0.0,0.0,0.0,1.0,A pregnant woman ordered a latte at McDonald‚Äôs. She received a cup of cleaning fluid. https://t.co/hrepwszCeR
406,@nytimes,7,Sat Aug 04 01:32:09 +0000 2018,0.0,0.0,0.0,1.0,"In 2014, GoPro founder Nicholas Woodman donated $500 million to the Silicon Valley Community Foundation. Four years‚Ä¶ https://t.co/BKYEYd0iYm"
407,@nytimes,8,Sat Aug 04 01:17:02 +0000 2018,0.4019,0.124,0.0,0.876,"RT @NYTNational: President Trump appeared at a rally for a Republican Senate candidate, Lou Barletta. Mr. Trump devoted the majority of his‚Ä¶"
408,@nytimes,9,Sat Aug 04 01:02:04 +0000 2018,0.0,0.0,0.0,1.0,Evening Briefing: Here's what you need to know at the end of the day https://t.co/HVgFTlvkMK
409,@nytimes,10,Sat Aug 04 00:47:01 +0000 2018,0.6486,0.249,0.0,0.751,"A grand jury indicted a chemical manufacturer and 2 of its leaders, saying they were responsible for a plant in Tex‚Ä¶ https://t.co/vbpSkKXiCM"
410,@nytimes,11,Sat Aug 04 00:32:02 +0000 2018,0.0,0.0,0.0,1.0,RT @nytimesarts: A tentative labor deal paves the way for the Met Opera to open its season next month https://t.co/9FGgy2ufDR
411,@nytimes,12,Sat Aug 04 00:17:01 +0000 2018,-0.4588,0.0,0.136,0.864,"‚ÄúWe are farmers,‚Äù said Brad Bogle, who was forced to close his Canadian sunflower farm to visitors after selfie-lov‚Ä¶ https://t.co/GlUc970Vji"
412,@nytimes,13,Sat Aug 04 00:02:02 +0000 2018,0.4019,0.124,0.0,0.876,"Analysis: There is President Trump‚Äôs foreign policy, and then there is that of his administration and party. This w‚Ä¶ https://t.co/16e5o0bFMe"
413,@nytimes,14,Fri Aug 03 23:47:02 +0000 2018,0.2716,0.16,0.0,0.84,RT @bydanielvictor: It was very important that I write about the goats https://t.co/Wcwg5zrJ2k
414,@nytimes,15,Fri Aug 03 23:32:07 +0000 2018,0.6767,0.26,0.0,0.74,Modern Love: ‚ÄúWhere is your husband?‚Äù people kept asking. ‚ÄúWhy isn‚Äôt he here?‚Äù https://t.co/1HBbWewiin
415,@nytimes,16,Fri Aug 03 23:17:02 +0000 2018,-0.7579,0.0,0.302,0.698,Ohio State‚Äôs Urban Meyer defended himself against accusations that he responded improperly to domestic abuse claims‚Ä¶ https://t.co/2Smw91NM4M
416,@nytimes,17,Fri Aug 03 23:02:00 +0000 2018,-0.2263,0.0,0.083,0.917,"The Kushners have a lease deal on 666 Fifth Avenue, the building that has been a drag on the family‚Äôs real estate c‚Ä¶ https://t.co/NPG510E2sd"
417,@nytimes,18,Fri Aug 03 22:47:02 +0000 2018,0.0,0.0,0.0,1.0,Evening Briefing: Here's what you need to know at the end of the day https://t.co/ib97eEQABJ
418,@nytimes,19,Fri Aug 03 22:32:03 +0000 2018,0.0,0.0,0.0,1.0,NASA has named the 9 astronauts who will fly on the Boeing and SpaceX spacecraft to the International Space Station https://t.co/vWxPouL63L
419,@nytimes,20,Fri Aug 03 22:17:02 +0000 2018,0.7096,0.299,0.103,0.598,RT @SopanDeb: NEW: @newseum defends selling Fake News tshirts in gift shop. The Exhibits Honor Journalism; The Gift Shop Sells ‚ÄòFake News‚Äô‚Ä¶
420,@nytimes,21,Fri Aug 03 22:02:06 +0000 2018,0.0,0.0,0.0,1.0,"The story of Paul Manafort, President Trump's former campaign chairman, and his ties to foreign governments began l‚Ä¶ https://t.co/n03uoktaON"
421,@nytimes,22,Fri Aug 03 21:47:03 +0000 2018,0.0,0.0,0.0,1.0,"The opposition leader in Zimbabwe said results of the presidential election were ‚Äúfraudulent and illegitimate."" https://t.co/4bQEOMmHBg"
422,@nytimes,23,Fri Aug 03 21:32:07 +0000 2018,0.4767,0.186,0.0,0.814,Dozens of our international readers said they were surprised to learn that the freedoms that many children abroad t‚Ä¶ https://t.co/ruIDBo2cvQ
423,@nytimes,24,Fri Aug 03 21:17:03 +0000 2018,0.0,0.0,0.0,1.0,"RT @dgelles: In 2014, GoPro founder Nicholas Woodman donated $500 million to the Silicon Valley Community Foundation. Four years on, there‚Ä¶"
424,@nytimes,25,Fri Aug 03 21:02:06 +0000 2018,-0.3182,0.0,0.119,0.881,Peloton once confused investors. Now the company that sells stationary bikes for $2k and streaming class subscripti‚Ä¶ https://t.co/7OM3Ldt1h5
425,@nytimes,26,Fri Aug 03 20:53:06 +0000 2018,0.0,0.0,0.0,1.0,"RT @nytopinion: ‚ÄúMy days were pervaded by a gray drizzle of unrelenting horror,‚Äù William Styron wrote in a Times Op-Ed almost 30 years ago,‚Ä¶"
426,@nytimes,27,Fri Aug 03 20:40:01 +0000 2018,-0.3182,0.0,0.099,0.901,"The Euphrates River has been a font of life for millennia. But in Syria, it's now flanked by ghost towns, gutted fa‚Ä¶ https://t.co/zDRzGVgy2S"
427,@nytimes,28,Fri Aug 03 20:25:03 +0000 2018,0.0,0.0,0.0,1.0,Who needs a beach umbrella when you can wear one of these hats with a 22-inch brim? https://t.co/5BF7AMORxP
428,@nytimes,29,Fri Aug 03 20:10:07 +0000 2018,0.6486,0.209,0.0,0.791,"In their On the Run II tour, Beyonc√© and Jay-Z perform the third act of their high-stakes play about faithfulness a‚Ä¶ https://t.co/frYKMQzHG6"
429,@nytimes,30,Fri Aug 03 19:55:03 +0000 2018,-0.6369,0.0,0.234,0.766,Workers at separate shelters for migrant children in Arizona are accused of sexually abusing teenagers housed at th‚Ä¶ https://t.co/By13EawwfG
430,@nytimes,31,Fri Aug 03 19:45:08 +0000 2018,0.6249,0.242,0.0,0.758,Kids these days: Homeowners were surprisingly good natured when about 100 escaped goats began munching their landsc‚Ä¶ https://t.co/jtjFJt4ro2
431,@nytimes,32,Fri Aug 03 19:40:01 +0000 2018,-0.5574,0.0,0.126,0.874,"RT @NYTObits: Rick Genest, a model known as Zombie Boy who appeared in Lady Gaga's music video for the song ""Born This Way,"" has died at 32‚Ä¶"
432,@nytimes,33,Fri Aug 03 19:30:10 +0000 2018,0.6152,0.353,0.155,0.491,A dessert so easy and so delicious only a fool could pass it up https://t.co/ksfXTfi59D
433,@nytimes,34,Fri Aug 03 19:22:00 +0000 2018,0.0,0.0,0.0,1.0,"NYT markets reporter @MatthewPhillips writes, ‚ÄúEconomists are starting to look into whether the rise of so-called s‚Ä¶ https://t.co/qGY01Bzllj"
434,@nytimes,35,Fri Aug 03 19:17:04 +0000 2018,0.4215,0.123,0.0,0.877,But the $1 trillion milestone has implications for more than just Apple ‚Äî¬†it also reflects the rise of powerful meg‚Ä¶ https://t.co/wwDAXkRdxP
435,@nytimes,36,Fri Aug 03 19:11:28 +0000 2018,0.2263,0.101,0.0,0.899,"Put another way, at $1 trillion, Apple is now worth more than the entire American media industry‚Ä¶ https://t.co/1z7vKmkBut"
436,@nytimes,37,Fri Aug 03 19:07:26 +0000 2018,0.3008,0.137,0.0,0.863,"For reference, Apple going from $3 billion to $1,000,000,000,000 looks a little something like this:‚Ä¶ https://t.co/rWsHUb5BCC"
437,@nytimes,38,Fri Aug 03 19:03:43 +0000 2018,-0.5118,0.0,0.148,0.852,"Apple‚Äôs $1 trillion mark is even more notable because‚Ä¶ the company was almost bankrupt 2 decades ago. In 1996, the‚Ä¶ https://t.co/ylMAzjV93P"
438,@nytimes,39,Fri Aug 03 19:00:07 +0000 2018,0.0258,0.061,0.0,0.939,"Apple just became the first publicly traded American company to reach the $1,000,000,000,000 mark. Here‚Äôs how many‚Ä¶ https://t.co/Cn8b7B6ywJ"
439,@nytimes,40,Fri Aug 03 18:47:05 +0000 2018,0.6705,0.234,0.0,0.766,Economists are split on whether the second quarter's 4.1 percent economic growth is good or a sign of impending doo‚Ä¶ https://t.co/jXCMRywSSh
440,@nytimes,41,Fri Aug 03 18:35:08 +0000 2018,0.0516,0.106,0.098,0.795,"Democrats are hoping to pick up a pair of House seats in Kansas, making the state as pivotal to the battle for cont‚Ä¶ https://t.co/PKMwP1xKgU"
441,@nytimes,42,Fri Aug 03 18:25:04 +0000 2018,0.0,0.0,0.0,1.0,"The idea: a sunflower viewing for tourists.
The result: ""a zombie apocalypse.""
https://t.co/egU3O4kVvZ"
442,@nytimes,43,Fri Aug 03 18:10:04 +0000 2018,-0.3612,0.059,0.139,0.802,"A Japanese medical school manipulated women's test scores to prevent their admission, saying they were more likely‚Ä¶ https://t.co/9rFuHQZ6Dj"
443,@nytimes,44,Fri Aug 03 17:55:00 +0000 2018,0.5574,0.338,0.123,0.539,"Sure, they're gross, but do cockroaches carry diseases? Glad you asked. https://t.co/ksPmpTqoJA"
444,@nytimes,45,Fri Aug 03 17:40:06 +0000 2018,0.25,0.095,0.0,0.905,"With two tweets and his caps lock on, President Trump endorsed John James in the Michigan Republican primary, givin‚Ä¶ https://t.co/ZGW54hPST0"
445,@nytimes,46,Fri Aug 03 17:25:07 +0000 2018,-0.7556,0.086,0.297,0.617,"RT @Emily_Baum: EXCLUSIVE: According to FOIA'ed docs, doctors have prescribed cancer pain opioids to patients with other conditions, despit‚Ä¶"
446,@nytimes,47,Fri Aug 03 17:10:09 +0000 2018,0.3612,0.122,0.0,0.878,"Here's why and under what circumstances journalists might agree to use information that's ""off the record"" or from‚Ä¶ https://t.co/4X9JruObqu"
447,@nytimes,48,Fri Aug 03 16:40:05 +0000 2018,-0.5106,0.139,0.256,0.605,An attack on Italy's champion discus thrower has hurled the country into a new debate over whether racism is bloomi‚Ä¶ https://t.co/j5gs6oz1sf
448,@nytimes,49,Fri Aug 03 16:25:52 +0000 2018,0.0,0.0,0.0,1.0,Here's a recipe to file away for an upcoming seasonal bounty of zucchini https://t.co/kUZ9aSV4f3
449,@nytimes,50,Fri Aug 03 16:04:09 +0000 2018,-0.6808,0.0,0.237,0.763,"Desperate to keep a job that was her way out of poverty, she tried using hypertension pills, a knitting needle and‚Ä¶ https://t.co/hmWh30zJgk"
450,@nytimes,51,Fri Aug 03 16:01:14 +0000 2018,0.5994,0.187,0.0,0.813,"""You started understanding the life of the people, how they lived, what they thought, who they loved"" https://t.co/8xcwoOAEvW"
451,@nytimes,52,Fri Aug 03 15:45:09 +0000 2018,0.0,0.0,0.0,1.0,"Training high schoolers, hiring recently released inmates and installing start-up-like amenities are a few of the w‚Ä¶ https://t.co/u7byxYELRy"
452,@nytimes,53,Fri Aug 03 15:30:08 +0000 2018,0.3182,0.113,0.0,0.887,"A huge grid of vehicle tracks tattoos the land just outside Arctic National Wildlife Refuge in Alaska, a remnant of‚Ä¶ https://t.co/HnyeirQiJA"
453,@nytimes,54,Fri Aug 03 15:15:05 +0000 2018,0.7152,0.239,0.0,0.761,"RT @jmartNYT: NEW: Democrats have a chance to take back the Kansas governorship, especially if Kobach wins the nomination on Tuesday.   But‚Ä¶"
454,@nytimes,55,Fri Aug 03 15:00:24 +0000 2018,0.0,0.0,0.0,1.0,RT @NYTSports: It was all going according to plan for the Yankees. Until the fourth inning. https://t.co/XadFbJPuvD
455,@nytimes,56,Fri Aug 03 14:45:05 +0000 2018,0.0,0.0,0.0,1.0,"""This is the new normal: Everyone starts taking out their phones and emailing their bosses that they're going to be‚Ä¶ https://t.co/GJ2g6MuSgG"
456,@nytimes,57,Fri Aug 03 14:30:17 +0000 2018,0.0516,0.116,0.108,0.776,"President Trump devoted the majority of his time at a rowdy rally on Thursday targeting the news media, deriding th‚Ä¶ https://t.co/L9ZZL0wRHr"
457,@nytimes,58,Fri Aug 03 14:15:06 +0000 2018,0.0,0.0,0.0,1.0,"RT @alanblinder: The marquee races are set in Tennessee. Marsha Blackburn and Phil Bredesen are the picks for Senate, and Karl Dean and Bil‚Ä¶"
458,@nytimes,59,Fri Aug 03 14:00:05 +0000 2018,0.1779,0.183,0.117,0.7,China threatened to levy tariffs on $60 billion a year worth of imports from the United States if the Trump adminis‚Ä¶ https://t.co/rk5lgQOeVO
459,@nytimes,60,Fri Aug 03 13:45:07 +0000 2018,-0.2023,0.154,0.238,0.607,"Mike Pompeo urged Turkey to free Andrew Brunson, an American pastor imprisoned on espionage charges https://t.co/EoVnsP7cHq"
460,@nytimes,61,Fri Aug 03 13:30:05 +0000 2018,0.0,0.0,0.0,1.0,"""To all those who say that witnesses have not reacted enough: Everything happened very quickly and they did not hav‚Ä¶ https://t.co/Jv9xBTtUII"
461,@nytimes,62,Fri Aug 03 13:16:02 +0000 2018,0.09,0.122,0.101,0.776,"8 U.S. intelligence groups blame Russia for meddling, but President Trump keeps clouding the picture‚Ä¶ https://t.co/2h0ToEYYP3"
462,@nytimes,63,Fri Aug 03 13:00:14 +0000 2018,0.0,0.0,0.0,1.0,Morning Briefing: Here's what you need to know to start your day https://t.co/6KQ7BMGgff https://t.co/B7am3fxU1y
463,@nytimes,64,Fri Aug 03 12:49:02 +0000 2018,-0.2023,0.12,0.197,0.684,"""He knew a homicide would be easier for us. He knew we would blame ourselves for missing the signs.""  https://t.co/k4NeQwHl8D"
464,@nytimes,65,Fri Aug 03 12:43:12 +0000 2018,0.0,0.0,0.0,1.0,"Breaking News: The U.S. added 157,000 jobs in July, below analysts' expectations but extending a steady run of hiri‚Ä¶ https://t.co/fAZW0cLBAP"
465,@nytimes,66,Fri Aug 03 12:31:05 +0000 2018,-0.9022,0.0,0.41,0.59,At least 25 people were killed when suicide bombers disguised in women's clothing stormed a Shiite mosque in easter‚Ä¶ https://t.co/z7qS0y9IBL
466,@nytimes,67,Fri Aug 03 12:15:07 +0000 2018,-0.4005,0.103,0.207,0.69,"""This is a threat we need to take extremely seriously and to tackle and respond to with fierce determination and fo‚Ä¶ https://t.co/0jta3wFYA1"
467,@nytimes,68,Fri Aug 03 11:30:08 +0000 2018,0.6705,0.234,0.0,0.766,"""Russians are looking for every opportunity, regardless of party, regardless of whether or not it applies to the el‚Ä¶ https://t.co/IPJ9ZWR7st"
468,@nytimes,69,Fri Aug 03 11:15:06 +0000 2018,0.0,0.0,0.0,1.0,How Paul Manafort's plans backfired https://t.co/6A22joCakR https://t.co/XOEVtFEme2
469,@nytimes,70,Fri Aug 03 11:00:08 +0000 2018,-0.7506,0.0,0.286,0.714,"The author secretly recorded hundreds of hours of conversations with her brother, a notorious Dutch crime boss, inc‚Ä¶ https://t.co/cBJmlsJyyu"
470,@nytimes,71,Fri Aug 03 10:44:01 +0000 2018,-0.875,0.0,0.357,0.643,RT @nytimesworld: Pope Francis' declaration that the death penalty is always inadmissible ‚Äúbecause it is an attack on the inviolability and‚Ä¶
471,@nytimes,72,Fri Aug 03 10:32:03 +0000 2018,0.34,0.118,0.0,0.882,Apple's value hit $1 trillion. Here's how many companies you would have to combine to equal one Apple. https://t.co/GfQyUBFMSi
472,@nytimes,73,Fri Aug 03 10:15:05 +0000 2018,-0.1027,0.0,0.08,0.92,"CNN's Jim Acosta  challenged Sarah Huckabee Sanders to disavow President Trump's description of journalists as ""the‚Ä¶ https://t.co/lSXpHEnAnF"
473,@nytimes,74,Fri Aug 03 10:00:06 +0000 2018,0.0,0.0,0.0,1.0,Morning¬†Briefing: Here's what you need to know to start your day https://t.co/A639HH4KWu https://t.co/sOvqTWNByi
474,@nytimes,75,Fri Aug 03 09:45:03 +0000 2018,-0.5574,0.0,0.175,0.825,"Warplanes of the Saudi-led coalition fired more than two dozen missiles into a rebel-held Yemeni port city, hitting‚Ä¶ https://t.co/XzJmJzmq7j"
475,@nytimes,76,Fri Aug 03 09:31:02 +0000 2018,0.0,0.0,0.0,1.0,"RT @nytimesworld: Jacinda Ardern says her situation ‚Äî running New Zealand and raising a baby ‚Äî is ""not our normal yet,"" but adds, ""one day‚Ä¶"
476,@nytimes,77,Fri Aug 03 09:15:09 +0000 2018,0.4019,0.153,0.0,0.847,Officials began announcing Zimbabwe election results on Thursday night. Opposition party leaders indicated that the‚Ä¶ https://t.co/YhHbREmhlc
477,@nytimes,78,Fri Aug 03 09:00:15 +0000 2018,-0.5994,0.0,0.157,0.843,"RT @nytimesworld: Years ago, Pakistan pushed thousands of militants across the Indian border as a proxy army to wreak havoc in the Indian-c‚Ä¶"
478,@nytimes,79,Fri Aug 03 08:45:05 +0000 2018,-0.4767,0.0,0.157,0.843,"""I have three kids. I‚Äôve left them home alone since the age of 7 to drop off dry cleaning, grab a coffee or pick up‚Ä¶ https://t.co/1Fmpjxb23t"
479,@nytimes,80,Fri Aug 03 08:31:08 +0000 2018,0.0516,0.122,0.113,0.766,"President Trump devoted the majority of his time at a rowdy rally targeting the news media, deriding the reporters‚Ä¶ https://t.co/eCIrbI1wHU"
480,@nytimes,81,Fri Aug 03 08:14:03 +0000 2018,0.0,0.0,0.0,1.0,RT @nytimesworld: The case against a religious official is a high-stakes test of whether China‚Äôs burgeoning #MeToo movement can take on pow‚Ä¶
481,@nytimes,82,Fri Aug 03 08:02:03 +0000 2018,-0.3182,0.0,0.095,0.905,A mountain peak appears to have to lost its title as the highest peak in Sweden as it melts away in record heat https://t.co/lMSZzridCT
482,@nytimes,83,Fri Aug 03 07:47:02 +0000 2018,0.1779,0.078,0.0,0.922,RT @nytimesworld: A Muslim woman can have a British court dissolve her religious marriage and divide the couple‚Äôs assets even though the un‚Ä¶
483,@nytimes,84,Fri Aug 03 07:32:04 +0000 2018,0.0,0.0,0.0,1.0,If this hearty quinoa and white bean soup recipe proves anything it is: Soup doesn't have to be loaded with meat to‚Ä¶ https://t.co/fc6RXag2Qb
484,@nytimes,85,Fri Aug 03 07:17:05 +0000 2018,0.0772,0.093,0.078,0.829,A reporter was surprised to learn that her New York Times article was censored in Qatar. Here's what happened. https://t.co/uaU9d2FiWI
485,@nytimes,86,Fri Aug 03 07:02:04 +0000 2018,0.2732,0.16,0.097,0.743,"A Finnish stick-figure comic about a ""stereotypical Finn"" dealing with social awkwardness is gaining a following wi‚Ä¶ https://t.co/fKo2qRxP1m"
486,@nytimes,87,Fri Aug 03 06:41:44 +0000 2018,0.3384,0.102,0.0,0.898,"""Generally, the public is more tolerant of obese animals than they are of thin ones. There‚Äôs not as much stigma wit‚Ä¶ https://t.co/J9FfnXciDn"
487,@nytimes,88,Fri Aug 03 06:23:47 +0000 2018,0.7096,0.312,0.0,0.688,"The best TV shows and movies new to Netflix, Amazon and more in August https://t.co/T8wCjhJlW9"
488,@nytimes,89,Fri Aug 03 06:06:26 +0000 2018,-0.1511,0.0,0.086,0.914,From @nytimestravel: A guide to 10 cities where you can have an upscale trip without paying top dollar https://t.co/CwKwunDqaG
489,@nytimes,90,Fri Aug 03 05:48:54 +0000 2018,0.3612,0.217,0.0,0.783,You shouldn't skip the opening credits. @poniewozik explains why.  https://t.co/rn5dG5i7Hz
490,@nytimes,91,Fri Aug 03 05:32:05 +0000 2018,0.25,0.126,0.087,0.787,"RT @nytimesworld: A girl said she missed a Muslim friend who had lived a few houses down. ‚ÄúThe Rakhine burned their houses down,‚Äù she said.‚Ä¶"
491,@nytimes,92,Fri Aug 03 05:17:32 +0000 2018,0.0,0.0,0.0,1.0,Readers responded to a story chronicling one woman's spiral into opioid addiction with their own stories of recover‚Ä¶ https://t.co/D0cnJFtTln
492,@nytimes,93,Fri Aug 03 04:59:41 +0000 2018,-0.1531,0.0,0.086,0.914,Why has a socially awkward stick figure from Finland caught on with young people in China's crowded cities? https://t.co/UyQ6lw2zNP
493,@nytimes,94,Fri Aug 03 04:42:06 +0000 2018,0.0,0.0,0.0,1.0,"Many San Francisco residents had never heard of ""The East Cut."" Then Google told some of them they lived there. https://t.co/bJngkDhTJf"
494,@nytimes,95,Fri Aug 03 04:22:03 +0000 2018,-0.5778,0.067,0.198,0.736,RT @nytopinion: #MeToo is about more than stopping harassment. It should also be about addressing the ways society may allow men to get awa‚Ä¶
495,@nytimes,96,Fri Aug 03 04:07:59 +0000 2018,-0.4404,0.0,0.244,0.756,‚ÄòThey Can Make Anything Bad‚Äô: Trump Bashes a Familiar Foe https://t.co/muVT1hTQv4
496,@nytimes,97,Fri Aug 03 04:07:03 +0000 2018,0.6369,0.181,0.0,0.819,36 Hours in Chiang Mai: Glorious temples and traditional markets are what this riverside city in Thailand is known‚Ä¶ https://t.co/bSt8E1Ao9D
497,@nytimes,98,Fri Aug 03 03:52:42 +0000 2018,-0.6249,0.0,0.298,0.702,U.S. Is Expanding Power to Block Chinese Firms. HNA Was Already No Match. https://t.co/p2ZWHdBiOV
498,@nytimes,99,Fri Aug 03 03:48:09 +0000 2018,0.0,0.0,0.0,1.0,Myanmar Dispatch: Myanmar Official Line: Rohingya Are Returning. But Cracks in That Story Abound. https://t.co/VzBDzJmpN3
499,@nytimes,100,Fri Aug 03 03:47:03 +0000 2018,-0.9201,0.0,0.522,0.478,A leading Democratic legislator in New Hampshire was arrested on charges of domestic violence and assault https://t.co/UbfI5j56M9
